Date,Price,Open,High,Low,Volume,Change %
12/2/2022,47531.84,47565.92,47572.78,47529.93,155.18,-0.07
12/1/2022,49626.05,49695.12,49703.85,49626.05,86.59,-0.14
11/30/2022,49664.07,50017.51,50017.51,49371.37,272.07,-0.7
11/29/2022,52917.76,52844.84,53069.29,52843.48,426.02,0.15
11/28/2022,47205.03,46872.25,47231.66,46872.25,245.42,0.72
11/25/2022,44608.82,43859.3,44609.24,43858.36,266.31,1.71
11/24/2022,46604.94,46232.6,46604.94,46188.7,138.6,0.81
11/23/2022,46232.37,44934.73,46232.37,44899.66,185.59,2.9
11/22/2022,44929.33,44662.96,44976.21,44662.96,126.08,0.51
11/21/2022,44701.84,44492.73,44701.84,44492.73,159.56,0.47
11/18/2022,44492.73,44011.22,44492.73,44001.7,146.68,1.09
11/17/2022,44011.22,44046.94,44052.82,43969.57,97.7,-0.09
11/16/2022,44050.44,43808.25,44050.44,43808.25,159.43,0.55
11/15/2022,43808.25,43818.12,43857.81,43788.18,103.42,-0.02
11/14/2022,43818.12,43956.76,43956.76,43770.82,187.08,-0.34
11/11/2022,43968.75,43943.46,43994.65,43924.32,209.71,0.06
11/10/2022,47565.92,47351.43,47664.66,47195.25,125.65,0.45
11/8/2022,50014.6,50075.47,50256.83,50009.12,133.59,-0.12
11/5/2022,52838.45,51805.41,53064.58,51805.41,417.26,1.99
11/4/2022,46867.95,46631.46,46871.63,46624.78,224.63,0.51
11/3/2022,47437.48,47363.98,47437.48,47234.26,1150,0.16
11/2/2022,47202.3,47286.34,47301.44,47129.45,311.49,-0.18
11/1/2022,43859.3,43897.13,44083.08,43855.54,294.54,-0.09
10/31/2022,43839.08,43910.65,43912.82,43650.2,160.91,-0.17
10/28/2022,43912.64,44625.18,44625.18,43671.26,122.79,-1.6
10/27/2022,44625.18,44859.78,44883.39,44615.15,150.97,-0.52
10/26/2022,44859.78,44788.14,44887.55,44767.49,93.51,0.16
10/25/2022,44788.14,44461.63,44824.37,44266.04,159.21,0.73
10/24/2022,44461.63,44396.73,44491.61,44368.24,72.32,0.15
10/21/2022,44396.73,44332.21,44403.55,44332.21,95.08,0.15
10/20/2022,44332.21,44318.15,44341.65,44294.21,119.22,0.03
10/19/2022,44318.15,45366.32,45505.22,44302.24,165.35,-2.31
10/18/2022,45366.32,46365.95,46365.95,44937.92,420.16,-2.16
10/17/2022,46365.95,47569.04,47588.29,46343.39,137.88,-2.53
10/14/2022,47569.04,47524.38,47579.14,47428.96,124.41,0.09
10/13/2022,47524.38,47531.84,47550.47,47486.8,86.54,-0.02
10/11/2022,43942.82,43477.48,44287.55,43393.2,404.99,1.07
10/8/2022,50075.47,49350.71,50127.02,49337.73,279.22,1.47
10/6/2022,53201.38,53170.73,53201.38,53136.98,273.24,0.06
10/5/2022,51805.41,51902.48,51902.48,51562.68,331.35,-0.19
10/3/2022,47363.98,47287.09,47383.77,47180.59,261.56,0.16
10/2/2022,47286.34,47157.23,47286.34,47154.06,198.08,0.27
10/1/2022,43897.13,43854.42,44345.64,43854.42,310.9,0.1
9/30/2022,49024.16,48967.56,49024.16,48945.43,356.73,0.12
9/29/2022,48964.83,49171.7,49218.17,48947.91,220.78,-0.42
9/28/2022,49171.7,49161.45,49258.73,49119.51,101.57,0.02
9/27/2022,49161.45,49189.32,49223.31,49154.5,206.2,-0.12
9/26/2022,49218.35,49053.91,49226.12,49053.91,119.28,0.39
9/23/2022,49026.62,49190.34,49309.63,48994.15,169.18,-0.33
9/22/2022,49190.34,49421.91,49424.82,49164.75,126.74,-0.47
9/21/2022,49421.91,49446.18,49455.99,49318.55,51.88,-0.05
9/20/2022,49445.31,49440.21,49446.01,49378.93,147.59,0.01
9/19/2022,49440.21,49475.42,49479.45,49400.12,67.37,-0.07
9/16/2022,49475.42,49540.48,49543.81,49470.28,107.49,-0.13
9/15/2022,49540.48,49578.83,49579.34,49534.65,167.6,-0.07
9/14/2022,49576.05,49627.72,49637.12,49573.6,197.26,-0.1
9/13/2022,49627.72,49625.71,49655.34,49612.4,147.46,0
9/11/2022,43477.48,43461.6,44071.41,43448.58,133.4,0.04
9/9/2022,49695.12,49652.25,49697.61,49652.25,319.09,0.09
9/8/2022,49350.71,50489.73,50489.73,49342.6,140.58,-2.26
9/6/2022,53170.73,53183.99,53206.08,53166.01,318.42,-0.04
9/5/2022,51903.44,50935.79,51956.75,50922.91,337.43,1.9
9/3/2022,47287.09,47154.35,47292.91,47129.66,336.3,0.28
9/2/2022,47157.23,47057.24,47157.23,47057.24,297,0.21
8/31/2022,49836.51,49642.69,49836.51,49642.69,367.34,0.39
8/30/2022,49642.69,49676.75,49682.93,49625.32,125.95,-0.07
8/29/2022,49676.75,49682.15,49686.95,49624.28,232.94,-0.01
8/26/2022,49682.15,49661.87,49728.46,49628.73,193.51,0.04
8/25/2022,49661.87,48675.24,49662.09,48670.87,226.47,2.03
8/24/2022,48675.33,48554.76,48681,48554.76,167.57,0.22
8/23/2022,48567.14,49344.67,49344.67,48511.58,204.15,-1.58
8/22/2022,49346.4,49370.62,49381.15,49334.23,122.73,-0.05
8/19/2022,49370.62,49395.43,49432.87,49367.26,132.2,-0.35
8/18/2022,49546.38,49691.17,49694.34,49487.74,146.99,-0.29
8/17/2022,49691.17,49709.46,49712.96,49681.24,128.79,-0.04
8/16/2022,49709.46,49629.43,49737.86,49629.43,204.16,0.1
8/15/2022,49657.33,49664.07,49724.7,49373.13,210.83,-0.01
8/11/2022,43461.6,44269.43,44293.1,43439.72,249.91,-1.82
8/9/2022,49652.25,49599.73,49658.07,49577.38,161.88,0.03
8/8/2022,50489.73,50722.33,50740.18,50489.07,207.2,-0.46
8/7/2022,51557.41,51563.73,51581.17,51546.84,115.13,-0.01
8/6/2022,53193.98,53270.88,53270.88,53190.75,248.94,-0.14
8/4/2022,46631.46,46543.51,46631.46,46542.14,154.1,0.19
8/3/2022,47154.35,47262.61,47283.62,47122.34,754.93,-0.23
8/2/2022,47057.24,47203.39,47203.39,47037.24,238.22,-0.31
7/29/2022,50370.25,49702.07,50370.25,49687.77,243.29,1.42
7/28/2022,49667.14,50182.73,50182.73,49603.12,206.21,-1.04
7/27/2022,50188.55,50442.37,50447.87,50163.4,192.41,-0.5
7/26/2022,50442.37,51400.53,51405.6,50409.9,156.17,-1.86
7/25/2022,51400.53,51979.92,51979.92,51327.74,98.75,-1.11
7/22/2022,51979.92,52122,52129.19,51979.92,205.06,-0.27
7/21/2022,52122,52186.52,52204.52,52098.87,151.94,-0.12
7/20/2022,52186.52,52308.88,52310.53,52142.18,238.27,-0.23
7/19/2022,52308.88,52319.94,52333.28,52250.79,205.6,-0.02
7/18/2022,52319.94,52215.12,52510.17,52215.12,116.28,0.2
7/15/2022,52215.12,51339.01,52542.93,51330.29,190.1,1.71
7/14/2022,51338.27,51390.25,51390.25,51304.74,115.25,-0.44
7/14/2022,51567.69,51557.41,51584.83,51507.55,198.79,0.02
7/11/2022,44269.43,44269.18,44272.07,44217.38,103.26,0
7/10/2022,47351.43,47260.89,47351.62,47257.3,137.28,0.19
7/9/2022,49635.76,49644.92,49654.72,49616.03,128.94,-0.02
7/7/2022,51563.73,51556.54,51570.71,51530.4,143.28,0.01
7/6/2022,53270.88,53086.46,53276.66,53046.72,234.62,0.35
7/4/2022,46543.51,46771.62,46806.53,46524.68,244.02,-0.48
7/3/2022,47262.61,47268.61,47309.8,47223.94,291.88,-0.01
7/2/2022,47203.39,47279.92,47324.09,47198.42,285.47,-0.16
7/1/2022,43854.42,43605.21,43857.6,43605.21,395.15,0.57
6/30/2022,51817.59,51802.48,51991.27,51759.56,223.1,0.03
6/29/2022,51802.48,51803.98,51810.45,51789.9,416.47,0
6/28/2022,51803.98,51962.85,51975.06,51779.76,314.6,-0.31
6/27/2022,51962.85,51705.61,51986.94,51703.49,266.51,0.5
6/24/2022,51705.61,51618.73,51708.52,51618.73,156.09,0.17
6/23/2022,51618.73,51377.21,51740.21,51375.06,223.25,0.47
6/22/2022,51377.21,51093.23,51377.21,50628.4,229.26,0.56
6/21/2022,51091.75,50755.98,51213.17,50532.29,166.96,0.66
6/20/2022,50756.74,51778.08,51804.21,50750.6,196.26,-1.97
6/17/2022,51778.08,52411.09,52451.43,51755.18,241.19,-1.21
6/16/2022,52411.09,52775.4,52783.52,52374.04,211.61,-0.69
6/15/2022,52775.4,53113.64,53113.64,52773.2,188.09,-0.64
6/14/2022,53114.65,53201.38,53202.13,53097.77,299.81,-0.16
6/10/2022,47260.89,48836.7,48890.97,47238.35,140.66,-3.23
6/9/2022,49644.92,49991.41,49994.14,49639.64,138.94,-0.69
6/7/2022,51556.54,51586.5,51612.97,51553.86,135.26,-0.06
6/6/2022,53086.86,52908.24,53090.16,52889.13,755.62,0.34
6/5/2022,50937.01,50838.1,50993.59,50838.1,466.28,0.2
6/4/2022,46766.16,46775.76,46785.41,46751.63,261.59,-0.02
6/1/2022,43607.94,43476.75,43607.94,43145.77,174.61,0.3
5/31/2022,53637.14,53772.14,53787.3,53608.72,318.27,-0.25
5/30/2022,53772.35,54085.3,54085.3,53735.83,227.55,-0.58
5/27/2022,54085.3,53151.32,54290.84,53151.32,208.08,1.76
5/26/2022,53151.32,52591.41,53161.43,52587.01,266.18,1.06
5/25/2022,52591.41,51949.64,52594.84,51574.46,382.45,1.24
5/24/2022,51949.64,52911.51,52911.51,51940.57,720.12,-1.82
5/23/2022,52911.51,52979.96,53009.5,52909.1,263.24,-0.13
5/20/2022,52979.96,53275.49,53774.61,52951.38,436.56,-0.55
5/19/2022,53275.49,52721.34,53281.31,52717.88,274.41,1.05
5/18/2022,52721.34,52756.62,52793.13,52721.34,611.83,-0.07
5/17/2022,52756.62,52944.44,52950.34,52756.62,552.47,-0.36
5/16/2022,52944.65,53098.46,53098.46,52896.88,374.18,-0.29
5/13/2022,53100.21,52917.76,53100.21,52898.9,303.48,0.34
5/10/2022,48836.7,48879.74,48919.32,48818.2,135.52,-0.09
5/9/2022,49991.41,50045.83,50084.83,49988.28,200.92,-0.11
5/8/2022,50722.33,50582.3,50722.33,50556.7,148.81,0.28
5/7/2022,51586.5,51795.23,51807.97,51571.37,234.48,-0.4
5/5/2022,50835.95,50126.41,50835.95,50113.49,462.4,1.42
5/4/2022,46777.37,46687.85,46792.3,46675.8,257.4,0.19
5/1/2022,43476.75,43026.23,43476.75,42479.57,1240,1.05
4/29/2022,49638.94,48840.49,49638.94,48840.43,319.35,1.64
4/28/2022,48837.76,48571.75,48853.68,48571.75,759.65,0.55
4/27/2022,48571.75,48568.57,48620.21,48551.58,246.7,0.01
4/26/2022,48568.57,48543.36,48662.06,48540.73,464.73,0.02
4/25/2022,48558.91,48459.65,48562.2,48089.55,328.38,0.2
4/22/2022,48459.65,48236.08,48459.65,48229.1,342.14,0.49
4/21/2022,48223.86,48138.71,48223.86,48132.09,244.69,0.18
4/20/2022,48138.71,47545.86,48138.71,47503,349.48,1.25
4/19/2022,47545.86,47510.38,47551.72,47459.18,365.45,-0.03
4/14/2022,47558.45,47367.31,47600.37,47367.31,385.18,0.4
4/13/2022,47367.31,47205.03,47388.15,47188.1,391.89,0.34
4/11/2022,44269.18,44236.7,44275.32,44171.5,356.73,0.07
4/10/2022,48879.74,49035.07,49038.76,48865.47,173.46,-0.29
4/8/2022,50582.3,50594.97,50720.86,50372.55,130.44,-0.03
4/7/2022,51791.45,51829.67,51871.89,51713.99,194.08,-0.07
4/5/2022,50126.41,49640.3,50132.88,49636.44,669.27,0.98
4/4/2022,46687.85,46844.13,46844.13,46654.45,219.5,-0.33
4/3/2022,47268.61,47296.07,47298.15,47253.88,179.28,-0.06
4/2/2022,47279.92,47329.8,47329.8,47263.54,225.69,-0.11
4/1/2022,43026.23,42716.44,43052.31,42651.87,216.65,0.73
3/31/2022,46965.48,46904.48,46983.32,46832.26,256.02,0.13
3/30/2022,46904.48,46843.09,46916.17,46824.71,201.15,0.13
3/29/2022,46843.09,46893.86,46905.13,46831.85,214.32,-0.12
3/28/2022,46898.23,46958.95,46966.36,46754.39,359.89,-0.14
3/25/2022,46964.23,46958.68,46993.74,46957.13,177.09,0.01
3/24/2022,46961.62,47016.5,47017.08,46931.38,214.7,-0.43
3/23/2022,47163.94,47156.56,47167.97,47132.62,267.48,0.02
3/22/2022,47156.56,47251.93,47251.93,47125.55,303.46,-0.2
3/21/2022,47251.93,47282.67,47282.67,47196.55,213.56,-0.07
3/18/2022,47282.67,47353.22,47353.22,47221.34,599.49,-0.15
3/17/2022,47353.22,47364.46,47398.8,47338.91,239.73,-0.02
3/16/2022,47364.46,47340.86,47373.96,47338.48,145.83,0.05
3/15/2022,47340.86,47428.67,47431.39,47334.64,183.26,-0.19
3/14/2022,47428.67,47437.48,47466.61,47358.72,1280,-0.02
3/11/2022,44236.7,44283.02,44286.16,44209.17,215.11,-0.1
3/8/2022,50594.97,50626.04,50647.19,50242.94,121.16,-0.06
3/6/2022,52908.24,52815.78,52925.86,52803.19,280.87,0.13
3/3/2022,47296.07,47360.79,47404.02,47202.6,243.42,-0.14
3/2/2022,47329.8,46930.66,47335.63,46860.85,346.7,0.85
2/28/2022,47394.53,47328.42,47394.53,47328.42,300.62,0.14
2/25/2022,47328.42,47272.04,47378.54,47264.97,253.29,0.12
2/24/2022,47272.04,47207.27,47295.28,47207.27,340.66,0.14
2/23/2022,47207.27,47246.9,47265.69,47207.27,230.65,-0.08
2/22/2022,47246.9,47233.91,47282.44,47233.91,421.78,0.03
2/21/2022,47233.91,47140.48,47243.74,47139.8,421.36,0.2
2/18/2022,47140.48,47102.64,47142.51,47091.67,344.69,0.08
2/17/2022,47102.64,47109.25,47128.46,47074.78,357.74,-0.01
2/16/2022,47109.25,47064.82,47199.41,47051.36,318.25,0.09
2/15/2022,47064.82,47063.28,47107.99,47046.93,274.2,0
2/14/2022,47066.77,47202.3,47232.47,47011.74,338.02,-0.29
2/11/2022,44283.02,43745.73,44283.02,43626.57,155.41,1.23
2/9/2022,50045.83,49889.8,50056.3,49889.8,240.02,0.31
2/8/2022,50626.04,49950.32,50626.04,49950.32,129.16,1.35
2/6/2022,52840.14,52974.15,52989.45,52831.61,274.42,-0.25
2/3/2022,47360.79,47482.73,47486.15,47313.53,279.95,-0.26
2/2/2022,46930.66,47113.95,47131.29,46901.44,434.94,-0.38
1/31/2022,46624.67,46206.65,46628.34,46183.34,435.79,0.91
1/28/2022,46205.05,46009.23,46207.24,46009.23,313.44,0.43
1/27/2022,46009.23,46529.99,46769.16,46000.72,279.44,-1.12
1/26/2022,46529.99,45939.51,46905.63,45939.51,328.98,1.29
1/25/2022,45939.51,45928.27,45939.66,45898.24,247.68,0.02
1/24/2022,45928.27,45957.35,45966.26,45921.75,278.44,-0.06
1/21/2022,45957.35,45890.52,45957.35,45875.04,281.59,0.15
1/20/2022,45890.52,45430.14,45890.52,45395.57,355.91,1.01
1/19/2022,45430.14,44655.89,45430.4,44352.61,252.94,1.73
1/18/2022,44655.89,44402.39,44663.47,44401.63,235.23,0.58
1/17/2022,44399.66,44454.67,44768.94,44390.49,214.31,-0.12
1/14/2022,44454.67,44604.74,44614.64,44334.33,405.73,-0.34
1/13/2022,44604.74,44608.82,44621.66,44582.61,321.75,-0.01
1/11/2022,43745.73,43835.94,43968.82,43657.95,172.87,-0.21
1/9/2022,49889.88,49836.51,49934.2,49836.51,229.12,0.11
1/8/2022,49950.32,50370.25,50372.43,49886.94,176.05,-0.83
1/7/2022,51829.67,51817.59,51829.67,51769.02,127.03,0.02
1/6/2022,52974.15,52990.28,53045.12,52952.24,295.34,-1.24
1/4/2022,46842.86,46963.75,46973.78,46780.08,257.29,-0.26
1/3/2022,47482.73,47394.53,47613.7,47358.48,370.44,0.19
1/2/2022,47111.21,46630.13,47126.27,46626.42,341.5,1.04
12/31/2021,42716.44,41822.29,42725.8,41768.16,455.21,2.16
12/30/2021,41813.27,41807.1,41815.32,41753.53,359.96,0.01
12/29/2021,41807.1,42262.85,42295.21,41745.37,180.15,-1.08
12/24/2021,42262.85,42230.48,42269.66,42217.46,111.84,0.08
12/23/2021,42230.48,42244.22,42263.82,42207.99,211.08,-0.03
12/22/2021,42244.22,42388.57,42390.74,42240.71,224.02,-0.34
12/21/2021,42388.57,42391.31,42408.73,42377.62,275.93,-0.01
12/20/2021,42394.71,42353.31,42464.09,42351.93,142.07,0.1
12/17/2021,42353.31,42270.23,42404.62,42270.23,341.68,0.2
12/16/2021,42270.23,42357.36,42386.83,42262.85,249.43,-0.21
12/15/2021,42357.36,42317.52,42374.92,42294.66,226.18,0.09
12/14/2021,42317.52,42411.12,42411.12,42301.42,270.09,-0.22
12/13/2021,42411.12,41882.97,42582.94,41816.06,229.62,1.26
12/11/2021,43253.01,43549.28,43616.34,43247.79,314.85,-0.82
12/10/2021,40897.19,40714,40914.83,40714,563.88,0.45
12/8/2021,39490.06,39448.46,39582.3,39356.59,570.2,0.11
12/7/2021,37857.89,37994.19,37994.27,37852.03,187.24,-0.36
12/4/2021,38712.55,38866.39,38874.45,38712.55,194.02,-0.4
12/3/2021,38648.48,38697.17,38704.44,38486.13,292.88,-0.15
12/2/2021,40439.85,41014.3,41024.81,39918.38,395.42,-1.4
12/1/2021,40295.95,40150.78,40295.95,39724.26,1170,0.36
11/30/2021,43248.05,43270.94,43275.21,43200.59,224.91,-0.05
11/29/2021,43270.94,43303.76,43319.46,43248.91,213.12,-0.09
11/26/2021,43308.29,43108.77,43334.93,43069.97,305.32,0.46
11/25/2021,43108.77,43250.34,43250.34,43094.14,266.11,-0.32
11/24/2021,43245.02,43265.36,43302.59,43233.98,243.17,-0.02
11/23/2021,43255.14,43260.13,43285.89,43234.57,217.97,-0.03
11/22/2021,43266.27,43199.27,43290.2,43199.27,433.59,0.16
11/20/2021,43199.27,43285.97,43288.25,43150.47,199.52,-0.2
11/18/2021,43285.97,43355.54,43362.77,43285.03,209.64,-0.15
11/17/2021,43349.9,43444.2,43495.91,43346.72,264.79,-0.24
11/16/2021,43455.82,43230.34,43469.31,43175.64,423.82,0.52
11/15/2021,43230.34,43253.01,43298.86,43176.42,293.43,-0.05
11/11/2021,43609.06,43707.3,43709.28,43589.26,161.3,-0.22
11/10/2021,40714.22,40868.36,40877.68,40596.68,191.25,-0.38
11/8/2021,39448.46,39176.62,39451.5,39176.62,181.4,0.69
11/6/2021,39157.29,39210.1,39262.71,39130.07,289.07,-0.13
11/5/2021,39382.96,39312.86,39436.28,39280.91,295.87,0.18
11/3/2021,38707.87,38931.25,38937.07,38666.54,168.88,-0.57
11/2/2021,41014.3,40697.56,41016.74,40326.21,1270,0.78
11/1/2021,40150.78,40120.22,40150.78,40095.09,335.64,0.07
10/29/2021,42038.6,41961.14,42054.18,41950.82,334.74,0.18
10/28/2021,41961.14,41779.27,41975.68,41778.54,558.89,0.41
10/27/2021,41790.26,41814.94,41814.94,41766.41,284.6,-0.06
10/26/2021,41814.94,41814.74,41856.59,41744.38,348.33,0
10/25/2021,41814.74,41763.26,41868.43,41738.33,674.5,0.12
10/22/2021,41763.26,41704.11,41770.57,41691.69,510.18,0.14
10/21/2021,41704.11,41249.71,41744.32,41230.41,216.18,1.1
10/20/2021,41249.71,41144.67,41278.17,41083.89,499.51,0.26
10/18/2021,41144.67,41438.15,41438.93,41125.06,338.72,-0.71
10/15/2021,41438.15,41129.98,41438.15,41023.53,728.96,0.75
10/14/2021,41129.98,41051.19,41144.99,41041.35,908.05,0.19
10/13/2021,41051.19,40896.96,41072.67,40896.96,446.17,0.38
10/12/2021,41882.97,41685.22,41882.97,41684.07,444.93,0.47
10/11/2021,43707.3,43730.55,44068.7,43685.97,270.68,-0.05
10/9/2021,38921.78,39201.33,39201.33,38887.11,154.56,-0.71
10/8/2021,39176.62,38565.04,39198.5,38544.57,224.56,1.58
10/6/2021,39210.1,39170.95,39210.1,39159.5,158.36,0.1
10/5/2021,39312.74,39198.75,39409.17,39198.75,324.19,0.29
10/3/2021,38931.25,38686.85,38966.38,38677.3,368.21,0.63
10/2/2021,40696.01,41510.16,41510.16,40659.98,366.81,-1.96
9/30/2021,40221.17,39590.91,40221.17,39073.9,282.81,1.59
9/29/2021,39592.29,38858.99,39592.29,38854.32,474.37,1.89
9/28/2021,38858.99,38864.33,38864.56,38841.84,526.3,-0.01
9/27/2021,38864.33,38962.28,38965.3,38511.97,139.42,-0.25
9/24/2021,38962.28,38874.69,38962.28,38832.05,633.52,0.23
9/23/2021,38874.13,38852.69,38889.58,38848.18,125.8,0.06
9/22/2021,38852.69,38873.85,38874.92,38846.86,155.38,-0.05
9/21/2021,38873.85,38906.42,38906.82,38849.57,184.44,-0.08
9/20/2021,38906.42,38943.87,38961.46,38900.92,181.95,-0.1
9/17/2021,38943.87,38911.31,38943.87,38873.71,155.1,0.08
9/16/2021,38911.31,38968.34,38968.34,38908.1,130.18,-0.15
9/15/2021,38968.34,38920.5,38968.34,38858.01,141.37,0.12
9/14/2021,38920.5,38915.62,38936.99,38897.68,228.48,0.01
9/13/2021,38915.62,38921.78,38943.24,38911.36,201.1,-0.02
9/12/2021,41685.22,42435.16,42446.44,41527.21,473.37,-1.77
9/11/2021,43730.55,43246.87,43895.46,43245.14,280.7,1.12
9/9/2021,39201.33,39204.52,39216.34,39177.84,350.5,-0.01
9/8/2021,38567.26,38810.75,38837.34,38551.25,194.95,-0.63
9/7/2021,37994.19,38468.5,38472.14,37980.21,241.84,-1.23
9/6/2021,39170.95,38881.7,39177.51,38881.7,181.49,0.74
9/4/2021,38866.39,38799.83,38895.88,38715.16,160.65,-0.03
9/3/2021,38686.85,39396.57,39396.57,38683.85,471.84,-1.8
9/2/2021,41510.16,41564.31,41573.18,41510.16,305.91,-0.14
8/31/2021,39219.61,39326.67,39334.88,39204.49,425.66,-0.27
8/30/2021,39326.67,39485.65,39534.81,39294.21,301.01,-0.4
8/27/2021,39485.65,39477.41,39511.75,39462.4,232.85,0.02
8/26/2021,39477.18,39449.82,39482.35,39449.82,186.32,0.07
8/25/2021,39450,39460.9,39481.65,39438.3,197.4,-0.03
8/24/2021,39460.68,39434.69,39466.71,39429.68,196.81,0.07
8/23/2021,39434.69,39483.15,39494.93,39424.95,210.93,-0.12
8/20/2021,39483.08,39666.88,39678.04,39472.65,280.57,-0.47
8/19/2021,39670.29,39539.65,39670.29,39462.39,201.84,0.32
8/18/2021,39545.67,39550.36,39550.38,39538.29,132.08,-0.01
8/17/2021,39550.36,39505.4,39550.36,39257.85,110.77,0.11
8/16/2021,39508.41,39522.34,39524.53,39474.46,141.24,-0.06
8/13/2021,39533.97,39490.06,39534.46,39489.7,188.74,0.11
8/12/2021,42435.16,42018.14,42445.32,42000.96,649.76,0.99
8/11/2021,43246.87,42013.72,43246.87,41976.3,443.6,2.93
8/10/2021,40868.36,40829.15,40884.8,40808.72,331.04,0.1
8/9/2021,39204.52,39251.29,39258.21,39195.82,354.05,-0.12
8/7/2021,38467.64,38501.31,38501.31,38425.98,220.16,-0.03
8/6/2021,38881.7,38686.4,38881.7,38661.48,218.51,0.5
8/4/2021,38876.25,38774.03,38889.35,38749.95,145.32,0.26
8/3/2021,39396.57,39331.61,39412.27,39319.17,297.26,0.17
8/2/2021,41566.86,41709.09,41737.05,41536.7,340.49,-0.34
8/1/2021,40123.71,40590.85,40657.3,40004.27,333.31,-1.15
7/30/2021,38547.08,38484.82,38560.99,38484.59,387.13,0.16
7/29/2021,38484.82,38791.03,38791.03,38356.43,259.97,-0.79
7/28/2021,38791.03,38813.36,38829.61,38788.73,237.45,-0.03
7/27/2021,38802.15,38849.08,38882.79,38794.38,243.07,-0.12
7/26/2021,38849.08,38667.9,38852.1,38662.82,246.5,0.47
7/23/2021,38667.9,38585.52,38667.9,38578.85,230.25,0.21
7/22/2021,38585.52,37952.65,38597.88,37933.38,203.11,1.67
7/19/2021,37952.65,37947.18,37953.35,37912.5,462.79,0.01
7/16/2021,37947.18,37868.05,37954.67,37868.05,266.75,0.21
7/15/2021,37866.9,37872.55,37889.44,37855.92,159.99,-0.01
7/14/2021,37872.55,37857.24,37872.55,37805.95,197.23,0.04
7/13/2021,37857.24,37857.89,37881.58,37846.94,197.27,0
7/12/2021,42018.92,42008.6,42041.37,41927.22,639.43,0.02
7/10/2021,40829.15,40820.31,40842.93,40764.21,339.29,0.16
7/9/2021,39251.29,39252.89,39273.75,39241.54,355.94,0
7/7/2021,38478.26,38421.6,38497.97,38403.3,280.26,0.17
7/6/2021,38688.98,38726.1,38726.1,38669.01,210.65,-0.1
7/5/2021,39198.75,39114.73,39199.15,39109.37,238.93,0.21
7/4/2021,38774.03,38766.61,38785.59,38596.16,356.46,0.02
7/1/2021,40590.85,40465.15,40620.02,40310.36,229.88,0.34
6/30/2021,37907.28,37640.75,37907.42,37640.75,213.7,0.78
6/29/2021,37612.72,37585.25,37612.72,37555.3,215.99,-0.12
6/28/2021,37656.68,37658.26,37671.53,37634.8,157.73,0.01
6/25/2021,37653.12,37954.35,38036.47,37639.93,191.23,-0.76
6/24/2021,37941.85,37804.46,37965.04,37800.89,149.4,0.36
6/23/2021,37804.46,37847.07,37851.38,37804.46,208.36,-0.11
6/22/2021,37847.07,38545.3,38545.3,37831.2,218.27,-2.15
6/21/2021,38678.48,38648.91,38678.48,38623.99,209.21,0.1
6/18/2021,38641.33,38615.11,38648.91,38607.39,220.61,0.07
6/17/2021,38614.45,38570.72,38624.53,38570.72,157.74,0.15
6/16/2021,38557.11,38507.29,38557.23,38455.41,296.46,0.15
6/15/2021,38501.03,39156.28,39168.59,38491.86,284.62,-1.68
6/12/2021,42008.6,42164.51,42192.71,41980.53,422.18,-0.38
6/10/2021,40765.2,40716.66,40883.39,40716.66,400.64,0.12
6/9/2021,39252.98,39261.01,39290.84,39237.81,210.95,-0.02
6/8/2021,38811.11,38803.85,38894.87,38803.85,167.68,0.02
6/7/2021,38413.33,38220.01,38416.78,38220.01,274.47,0.49
6/5/2021,39114.73,39433.81,39450.68,39037.63,402.51,-0.87
6/4/2021,38766.61,38917.02,38928.89,38740.85,224.59,-0.42
6/1/2021,40452.07,40396.14,40465.15,40388.3,249.53,0.14
5/31/2021,38437.88,38256.24,38441.83,38256.24,201.86,0.47
5/28/2021,38256.99,38044.58,38257.1,37563.79,228.66,0.53
5/27/2021,38056.21,38233.68,38300.48,38056.21,214.17,-0.46
5/26/2021,38233.68,38256.76,38271.94,38226.89,203.09,-0.06
5/25/2021,38256.76,38287.58,38288.39,38246.33,250.2,-0.22
5/24/2021,38341.66,38324.07,38382.35,38324.07,141.09,0.05
5/21/2021,38324.07,38328.13,38331.63,38282.64,174.27,-0.01
5/20/2021,38328.13,38445.09,38453.56,38284.56,156.99,-0.31
5/19/2021,38446.09,39022.52,39105.55,38416.5,153.64,-1.48
5/18/2021,39023.28,39306.47,39308.06,38850.57,204.65,-0.72
5/17/2021,39307.19,39483.51,39483.51,39303.31,357.45,-0.47
5/14/2021,39494.7,39382.96,39494.7,39377.01,219.55,0.28
5/11/2021,42014.5,41943.83,42014.5,41943.83,277.04,0.17
5/10/2021,40716.66,40243.05,40722.95,40241.49,432.99,1.18
5/8/2021,38801.51,38927.83,38950.74,38797.27,139.78,-0.32
5/7/2021,38224.74,38212.01,38243,38189.99,270.28,0.01
5/5/2021,39456.64,39801.78,39805.18,39456.64,349.56,-0.87
5/3/2021,39331.61,39364.67,39373.19,39227.15,587.74,-0.08
5/2/2021,41709.09,41785.8,41785.8,41522.14,482.32,-0.18
5/1/2021,40396.14,41148.02,41149.86,40142.94,465.68,-1.83
4/30/2021,39840.28,39450.91,39840.28,39356.83,328.34,0.96
4/29/2021,39460.65,38781.48,39468.34,38738.06,270.68,0.39
4/28/2021,39306.65,39305.48,39338.82,39268.19,259.51,0
4/27/2021,39308.23,39318.52,39327.41,39272.01,252.57,-0.03
4/26/2021,39319.75,39301.82,39332.42,39256.36,329.74,0.05
4/23/2021,39301.82,39131.8,39303.64,39125.9,286.97,0.43
4/22/2021,39131.8,39128.34,39151.08,39099.93,228.11,0.01
4/21/2021,39128.34,39015.58,39138.66,38975.68,239.25,0.29
4/20/2021,39015.58,38848.02,39026.75,38841.84,339.01,0.41
4/19/2021,38854.73,38816.45,38857.73,38806.28,508.63,0.12
4/16/2021,38808.01,38571.98,38808.01,38540.66,262.46,0.61
4/15/2021,38571.89,38646.59,38647.14,38570.87,319.43,-0.17
4/14/2021,38636.15,38601.83,38636.15,38578.27,278.04,0.09
4/13/2021,38601.83,38715.37,38751.16,38586.28,208.72,-0.29
4/11/2021,41943.83,41975.45,41985.99,41930.73,160.88,-0.08
4/10/2021,40243.05,40221.17,40266.46,40221.17,202.35,0.05
4/8/2021,38927.83,38917.99,38931.12,38894.15,206.26,0.03
4/6/2021,38726.1,38548.24,38726.1,38529.7,199.06,0.45
4/5/2021,39801.78,39834.42,39875.66,39783.59,426.51,-0.1
4/3/2021,39364.67,39525.06,39566.7,39327.13,493.07,-0.4
4/2/2021,41785.8,42000.01,42033.76,41758.03,629.53,-0.51
4/1/2021,41147.39,40287.71,41154.33,40284,211.88,2.18
3/31/2021,39045.13,39267.11,39271.46,39014.82,347.17,-0.57
3/30/2021,39267.11,39498.99,39572.26,39247.36,336.13,-0.57
3/29/2021,39493.37,39216.2,39523.05,39205.53,522.14,0.71
3/26/2021,39216.7,39291.89,39292.69,39156.01,250.91,-0.19
3/25/2021,39293.14,39085.78,39293.14,39085.78,228.69,0.53
3/24/2021,39085.78,38707.78,39110.55,38695.24,361.84,0.98
3/23/2021,38704.97,38722.87,38952.06,38696.85,410.38,-0.05
3/22/2021,38722.87,38392.58,38722.87,38379.19,277.24,0.89
3/19/2021,38382.39,38923.84,39053.85,38309.63,290.62,-1.37
3/18/2021,38914.84,38706.13,38930.82,38706.13,1470,0.54
3/17/2021,38706.13,38720.81,38720.81,38643.06,177.4,-0.04
3/16/2021,38720.81,38541.25,38846.27,38531.86,220.86,0.41
3/15/2021,38561.84,38646.39,38653.42,38528.55,161.08,-0.22
3/12/2021,42167.91,42248.76,42263.97,42137.26,180.7,-0.19
3/11/2021,41975.45,42013.39,42042.45,41964.97,292.94,-0.09
3/9/2021,39261.01,39252.19,39261.01,39220.04,180.29,0.02
3/8/2021,38917.99,38604.72,38927.75,38604.72,231.42,0.81
3/6/2021,38551.06,38482.52,38551.06,38438.16,249.69,0.18
3/3/2021,39522.06,39697.62,39722.41,39459.18,244.34,-0.44
3/2/2021,42000.01,42043.79,42043.79,41953.9,504.94,-0.1
2/26/2021,39799.89,40095.49,40095.49,39792.23,507.12,-0.74
2/25/2021,40095.49,40221.3,40221.41,40088.05,326.04,-0.31
2/24/2021,40221.3,40149.18,40304.02,40149.18,469.56,0.14
2/23/2021,40164.86,40154.09,40229.25,40132.11,337.95,0.03
2/22/2021,40154.09,40186.7,40235.62,40146.46,289.34,-0.08
2/19/2021,40186.7,40212.19,40235.53,40128.24,307.79,-0.06
2/18/2021,40212.19,40465.32,40473.43,40196.5,426.27,-0.63
2/17/2021,40465.32,40494.35,40581.13,40237.64,244.2,-0.07
2/16/2021,40494.35,40571.67,40641.6,40494.35,356.43,-0.19
2/15/2021,40573.31,40439.85,40573.31,40361.3,206.24,0.33
2/12/2021,42247.98,42463.16,42465.57,42241.65,324.01,-0.51
2/11/2021,42013.39,41977.1,42151.04,41969.42,318.91,0.09
2/9/2021,39252.19,39184.18,39252.19,39158.88,262.14,0.17
2/8/2021,38604.72,38547.08,38658.71,38532.78,244.28,0.15
2/7/2021,38219.88,37898.56,38219.88,37890.5,194.57,0.85
2/6/2021,38482.52,38414.37,38488.3,38370.69,156.91,0.18
2/3/2021,39697.62,39931.63,39939.18,39668.22,222.57,-0.59
2/2/2021,42043.79,42357.9,42374.14,42023.46,563.22,-0.74
1/29/2021,42412.66,42170.25,42444.22,42126.97,669.87,0.58
1/28/2021,42169.41,41928.57,42192.82,41924.82,555.52,0.57
1/27/2021,41930.73,41584.94,41936.48,41584.94,543.74,0.83
1/26/2021,41584.94,41088.96,41589.56,41087.4,468.03,1.21
1/25/2021,41088.96,41001.99,41092.23,40973.85,332.68,0.21
1/22/2021,41001.99,41100.62,41100.62,40997.06,591.46,-0.24
1/21/2021,41099.15,41147.72,41157.7,40997.39,1120,-0.12
1/20/2021,41147.72,41051.63,41147.72,41050.2,649.65,0.23
1/19/2021,41051.63,41080.94,41109.33,41034.75,912.86,-0.07
1/18/2021,41082.38,41176.14,41234.99,40830.65,1010,-0.23
1/15/2021,41176.14,40963.14,41202.65,40963.14,666.73,0.52
1/14/2021,40963.14,40345.72,40963.14,40345.72,809.36,1.54
1/13/2021,40341.05,40295.95,40553.56,40295.95,468.33,0.11
1/12/2021,42463.16,43248.05,43248.3,42463.16,335.47,-1.81
1/11/2021,41976.79,42038.6,42047.5,41976.79,377.93,-0.15
1/9/2021,39184.22,39220.18,39233.36,39170.92,169.3,-0.09
1/7/2021,37898.59,37907.43,37911.82,37892.2,205.45,-0.02
1/6/2021,38414.37,38437.88,38457.39,38395.37,274.85,-0.06
1/4/2021,38930.68,39053.44,39053.44,38881.17,239.42,-0.29
1/3/2021,39931.63,39799.89,39984.05,39799.89,543.99,0.33
1/2/2021,42357.9,42412.66,42472.56,42338.85,586.93,-0.13
12/31/2020,40270.72,39515.31,40279.29,39507.24,710.56,1.92
12/30/2020,39512.31,39110.17,39601.97,39107.5,372.93,1.03
12/29/2020,39110.17,38800.01,39134.37,38775.26,722.57,0.8
12/24/2020,38800.01,38803.74,38873.1,38798.18,389.66,-0.01
12/23/2020,38803.74,37893.61,38809.25,37893.19,467.13,2.4
12/22/2020,37893.61,37443.4,37952.36,37443.4,442.22,1.2
12/21/2020,37443.4,36798.74,37494.76,36798.74,427.06,1.74
12/18/2020,36804.75,36239.62,36808.29,36239.62,426.33,1.56
12/17/2020,36239.62,35493.15,36239.62,35493.15,343.64,2.1
12/16/2020,35493.15,35225.22,35554.11,35225.22,648.99,0.76
12/15/2020,35225.22,34843.44,35227.32,34834.78,264.23,1.1
12/14/2020,34843.44,34250.74,34877.29,34206.48,208.07,1.73
12/11/2020,35342.46,33291.27,35342.46,33291.27,1190,6.23
12/10/2020,28337.49,28415.31,28440.82,28170.72,369.06,-0.27
12/8/2020,25141.48,24883.7,25147.52,24852.43,204.42,1.04
12/5/2020,23695.9,23950.83,23982.29,23542.33,155.65,-1.06
12/3/2020,22695.88,23500.46,23500.46,22694.32,1060,-3.72
12/2/2020,27878.43,27871.9,27919.1,27866.46,152.34,0.02
11/30/2020,35042.14,34885.51,35184.93,34765.94,415.53,0.45
11/27/2020,34885.51,34803,34885.51,34748.26,190.27,0.24
11/26/2020,34803,34769,34882.52,34768.73,257.54,0.1
11/25/2020,34769,34340.56,34820.77,34340.56,434.92,1.25
11/24/2020,34340.56,34119.74,34343.56,34095.69,365.41,0.64
11/23/2020,34121.78,34136.82,34250.45,33582.38,567.57,-0.04
11/20/2020,34136.82,34643.65,34665.08,34064.25,344.8,-1.46
11/19/2020,34643.65,34818.01,34869.53,34633.36,364.92,-0.5
11/18/2020,34818.01,34242.83,34832.04,34226.75,661.13,1.68
11/17/2020,34242.83,34769.66,34769.66,34126.23,840.88,-1.59
11/16/2020,34795.82,35041.4,35245.62,34685.94,668.53,-0.69
11/13/2020,35037.46,35344.01,35814.18,34552.6,1240,-0.86
11/12/2020,34250.74,34576.49,34666.79,34145.13,796.07,-0.94
11/11/2020,33268.36,32648.02,33268.36,32585.04,858.16,1.9
11/9/2020,25591.95,25520.97,25592.22,25514.22,212.57,0.28
11/8/2020,24883.7,25027.61,25067.18,24825.09,205.97,-0.58
11/6/2020,25182.67,25215.04,25302.85,25182.67,337.13,-0.13
11/5/2020,23950.83,24045.4,24058.15,23949.18,204.72,-0.39
11/3/2020,23572.75,24278.53,24321.51,23260.07,1390,-3.35
11/2/2020,27871.9,27769.07,27936.16,27637.33,276.27,0.36
10/30/2020,30530.69,29439.35,30530.69,29439.35,807.8,3.71
10/28/2020,29437.6,28980.29,29444.12,28971.44,375.25,1.58
10/27/2020,28980.29,28777.96,28980.29,28775.59,385.57,0.7
10/26/2020,28777.96,28697.06,28777.96,28685.54,340.8,0.28
10/23/2020,28697.06,28563.87,28706.33,28559.72,282.56,0.47
10/22/2020,28563.87,28449.49,28567.14,28413.11,311.32,0.4
10/21/2020,28449.49,28645.21,28645.21,28250.71,326.56,-0.75
10/20/2020,28665.82,28658.31,28720.49,28567.07,297.29,0.02
10/19/2020,28659.07,28650.44,28680.68,28588.24,287.3,0
10/16/2020,28659.45,28344.04,28680.87,28313.57,489.09,1.11
10/15/2020,28344.04,28354.14,28364.47,28333.06,330.66,0
10/14/2020,28344.33,28344.04,28381.27,28332.51,218.42,0
10/13/2020,28344.04,28337.49,28351.51,28299.61,535.83,0.02
10/12/2020,34577.26,35021.26,35021.26,34501.85,553.95,-1.27
10/11/2020,32647.1,32243.05,32647.1,32226.71,578.78,1.25
10/9/2020,25520.97,25424.91,25540.91,25403.33,234.15,0.38
10/8/2020,25027.61,25041.89,25046.29,24952.17,175.23,-0.06
10/7/2020,24306.36,24276.56,24315.39,24251.26,131.63,0.12
10/6/2020,25215.04,25335.15,25351.29,25130.61,266.65,-0.47
10/3/2020,24388.66,25412.57,25412.57,24381.88,594.47,-4.91
10/2/2020,27773.2,28067.09,28119.19,27772.16,200.16,-1.05
10/1/2020,29415.39,29393.88,29585.13,28858.83,280.86,0.07
9/30/2020,26837.42,26612.12,26862.21,26612.12,322.76,0.85
9/29/2020,26611.96,26507.84,26611.96,26427.58,413.1,0.39
9/28/2020,26507.84,26319.34,26512.05,26319.34,336.73,0.72
9/25/2020,26319.47,25987.14,26327.17,25987.14,335.74,1.28
9/24/2020,25987.14,25783.02,26021.75,25783.02,359.27,0.79
9/23/2020,25783.02,25654.9,25785.41,25631.12,414.16,0.5
9/22/2020,25654.9,25574.35,25655.18,25525.93,262.05,0.31
9/21/2020,25574.35,25572.57,25592.86,25564.36,196.11,0.01
9/18/2020,25572.57,25532.74,25572.57,25505.27,193.49,0.15
9/17/2020,25533.35,25550.31,25551.56,25507.84,231.19,-0.1
9/16/2020,25558.81,25598.53,25606.02,25535.41,211.45,-0.15
9/15/2020,25597.96,25605.59,25618.65,25573.96,245.14,-0.03
9/14/2020,25605.59,25591.95,25616.99,25577.33,256.97,0.05
9/12/2020,35021.26,35033.74,35039.8,35001.14,283.09,-0.04
9/11/2020,32243.05,31016.17,32243.05,31016.17,636.01,3.96
9/10/2020,28415.31,28546.22,28721.73,28371.7,384.04,-0.46
9/9/2020,25424.91,25493.88,25496.73,25414.42,269.62,-0.28
9/7/2020,24276.56,24278.07,24336.45,24276.56,192.03,-0.01
9/6/2020,25335.15,25249.96,25368.78,25249.96,268.74,0.34
9/4/2020,21384.03,21073.26,21385.85,20985.63,314.85,1.47
9/3/2020,25647.54,26141.24,26141.24,25648.45,185.49,-2.41
9/1/2020,29395.57,28562.48,29484.1,28539.16,693.19,2.92
8/31/2020,25327.13,25303.68,25334.11,25289.1,127.28,0.07
8/28/2020,25309.37,25304.25,25312.81,25289.35,137.05,0.05
8/27/2020,25297.55,25330.1,25330.1,25291.33,249.13,-0.13
8/26/2020,25330.1,25295.01,25332.51,25283.31,180.55,0.15
8/25/2020,25291.78,25228.38,25291.78,25201.79,251.34,0.25
8/24/2020,25229.12,25221.87,25232.68,25159.82,251.19,0.03
8/21/2020,25221.87,25203.36,25273.33,25203.36,158.6,0.07
8/20/2020,25204.58,25174.6,25204.58,25172.1,179.55,0.13
8/19/2020,25171.32,25136.49,25180.4,25131.56,180.01,0.14
8/18/2020,25136.49,25139.57,25151.36,25123.28,271,-0.03
8/17/2020,25143.68,25199.84,25234.49,25143.68,161.23,-0.22
8/14/2020,25199.84,25236.97,25236.97,25168.43,482.42,-0.15
8/13/2020,25236.97,25141.48,25239.91,25067.72,258.05,0.38
8/12/2020,35033.74,35064.36,35081.67,35020.79,307.72,-0.09
8/10/2020,28546.22,28634.35,28664.83,28398.74,568.74,-0.31
8/9/2020,25497.32,25585.67,25596.21,25490.01,251.96,-0.33
8/7/2020,24278.07,24097.48,24278.07,24097.48,232.61,0.75
8/6/2020,25250.2,25016.3,25412.54,25016.3,230.49,0.93
8/5/2020,24045.4,24361.14,24403.77,24030.65,208.56,-1.27
8/4/2020,21073.26,20925.19,21150.01,20925.19,346.41,0.71
8/1/2020,28562.48,27579.57,28562.48,27579.57,741.82,3.54
7/29/2020,24693.73,24650.16,24713.57,24646.84,101.53,0.18
7/28/2020,24650.16,24799.05,24800.81,24646.53,150.37,-0.54
7/27/2020,24783.61,24427.73,24788.17,24427.73,170,1.46
7/24/2020,24427.73,24512.27,24536.82,24409.99,174.19,-0.34
7/23/2020,24512.27,24173.53,24615.65,24170.97,164.07,1.4
7/22/2020,24173.53,24174.45,24192.52,24166.96,266.06,0
7/21/2020,24174.45,24269.58,24303.76,24130.23,304.19,-0.41
7/20/2020,24273.42,24287.66,24301.11,24273.42,305.1,-0.06
7/17/2020,24287.66,24323.5,24336.59,24256.64,160.47,-0.17
7/16/2020,24330.06,24129.84,24330.51,24112.4,207.4,0.82
7/15/2020,24132.3,24114.59,24210.22,24071.13,208.21,0.06
7/14/2020,24117.4,24200.6,24207,24095.41,208.2,-0.34
7/13/2020,24200.6,24306.36,24306.36,24162.7,231.23,-0.44
7/12/2020,35064.36,35137.99,35140.81,35064.36,324.31,-0.21
7/10/2020,28634.35,28945.41,29171.29,28484.87,832.88,-0.95
7/9/2020,25582.23,25605.64,25631.16,25573.24,253.96,-0.09
7/8/2020,25041.89,24944.45,25047.7,24944.45,166.94,0.45
7/7/2020,24098.08,24026.05,24152.67,24026.05,155.53,-0.05
7/5/2020,24354.25,24143.37,24369.45,24039.7,431.57,0.87
7/4/2020,20925.19,20683.16,20925.19,20667.55,342.57,1.24
7/2/2020,28067.09,28140.41,28195.75,28054.73,303.93,-0.26
7/1/2020,27586.93,27339.68,27699.59,27295.49,446.33,0.9
6/30/2020,24479.16,24858.82,24859.88,24448.23,280.67,-1.53
6/29/2020,24858.82,24828.96,24858.82,24740.06,158.45,0.12
6/26/2020,24828.96,24625.17,24829.17,24551.35,127.19,0.83
6/25/2020,24625.17,24654.99,24662.27,24619.84,130.28,-0.12
6/24/2020,24654.99,24750.06,24771.97,24636.63,189.23,-0.39
6/23/2020,24751.32,24753.92,24756.88,24649.39,167.9,-0.11
6/22/2020,24779.26,24826.75,24877.3,24651.3,124.66,-0.19
6/19/2020,24826.75,24933.41,25123.72,24819.12,174.67,-0.43
6/18/2020,24933.41,24972.89,25054.28,24913.26,171.16,-0.16
6/17/2020,24972.94,24930.88,24973.59,24816.45,265.95,0.17
6/16/2020,24930.88,24954.89,25046.42,24930.65,200.37,-0.1
6/15/2020,24956.04,25182.67,25196.62,24757.68,237.63,-0.9
6/11/2020,31016.17,30738.92,31016.17,30509.12,497.95,0.9
6/10/2020,28909.37,27561.51,28909.37,27561.51,749.47,4.92
6/8/2020,24930.34,24882.04,24931.91,24820.5,173.72,0.19
6/7/2020,24109.65,24336.12,24352.2,23961.14,189.67,-0.93
6/5/2020,24143.37,23815.34,24154.65,23807.14,426.63,1.4
6/4/2020,20669.38,21094.62,21208.95,20651.59,336.42,-2.02
6/3/2020,26279.61,26426.2,26455.26,26273.58,361.08,-0.55
6/2/2020,28140.41,28093.76,28385.36,27949.15,317.19,0.17
6/1/2020,27339.68,26968.79,27339.68,26968.68,520.39,1.38
5/29/2020,25267.82,25166.01,25393.03,25164.06,325.59,0.4
5/28/2020,25166.01,25229.02,25463.11,25131.33,348.21,-0.22
5/27/2020,25221.29,25204.75,25469.93,25054.11,581.59,0.07
5/22/2020,25204.75,24758.39,25205.18,24742.12,259.57,1.8
5/21/2020,24758.39,24452.23,24769.4,24426.56,350.66,1.25
5/20/2020,24452.23,24202.87,24467.28,24185.62,436.77,1.03
5/19/2020,24202.87,23943.29,24205.89,23943.29,339.75,0.8
5/18/2020,24010.19,23874.77,24010.19,23871.33,330.98,0.58
5/15/2020,23871.33,23872.44,23931.49,23840.8,221.44,-0.09
5/14/2020,23892.92,23709.44,23892.92,23709.2,182.74,0.77
5/13/2020,23709.44,23695.9,23759.84,23695.9,159.19,0.06
5/11/2020,30738.92,30741.88,30772.77,30722.48,430.12,-0.01
5/10/2020,27554.56,26985.77,27563.91,26985.77,603.89,2.11
5/8/2020,24882.04,24841.94,24910.02,24841.94,303.28,0.16
5/6/2020,25016.3,25312.05,25325.87,24875.56,214.5,-1.17
5/5/2020,23809.31,23089.86,23809.39,23075.49,343.95,3.12
5/3/2020,26426.2,26418.82,26626.07,26408.25,431.9,0.04
5/2/2020,28093.76,28432.27,28506.63,28032.23,350.21,-1.19
4/30/2020,23021.01,22868.4,23045.44,22636.59,359.46,0.67
4/29/2020,22868.4,22727.87,22884.49,22727.87,277.29,0.62
4/28/2020,22727.87,22616.28,22761.25,22616.28,266.62,0.49
4/27/2020,22616.28,22599.38,22649.2,22584.64,106.06,0.07
4/24/2020,22599.38,22470.79,22672.22,22458.37,211.53,0.57
4/23/2020,22470.79,22780.3,22805.14,22407.6,201.48,-1.36
4/22/2020,22780.3,22629.92,22799.78,22629.92,185.21,0.66
4/21/2020,22629.92,22920.41,22920.41,22612.97,248.16,-1.27
4/20/2020,22920.56,22921.59,23143.34,22920.13,343.24,0
4/17/2020,22921.59,22554.84,22927.88,22524.23,231.6,1.63
4/16/2020,22554.84,22539.94,22634.28,22380.94,379.11,0.07
4/15/2020,22539.94,21879.95,22543.48,21873.47,326.39,3.02
4/14/2020,21879.95,21384.03,21883.39,21239.02,264.74,2.32
4/12/2020,35137.99,34968.94,35140.8,34455.93,292.86,0.48
4/11/2020,30741.88,30733.47,30761.5,30724.21,286.45,0.03
4/9/2020,25605.64,25534.87,25618.48,25529.56,418.16,0.37
4/8/2020,24841.94,24766.12,24868.82,24764.26,154.47,0.31
4/6/2020,25312.05,25407.96,25434.62,25312.05,270.18,-0.38
4/5/2020,23089.86,23021.01,23121.74,22940.24,249.83,0.3
4/3/2020,26415.54,26283.35,26438.78,26256.24,307.66,0.61
4/2/2020,28432.27,28533.4,28540.3,28415.12,254.85,-0.35
3/31/2020,21300.47,21330.79,21340.64,21270.26,422,-0.14
3/30/2020,21330.79,21828.65,21828.65,21330.79,466.87,-2.43
3/27/2020,21861.78,21842.18,21885.05,21803.89,251.41,0.48
3/26/2020,21757.47,21729.48,21903,21696.88,172.16,0.13
3/25/2020,21729.48,21743.47,21814.74,21663.32,233.07,-0.05
3/24/2020,21741.16,21703.8,21770.42,21703.8,330.1,0.19
3/23/2020,21700.98,22198.43,22208.81,21694.16,464.36,-2.24
3/20/2020,22198.43,22072.56,22211.67,22035.11,379.48,0.36
3/19/2020,22118.9,22785.19,22785.19,22118.9,525.85,-2.94
3/18/2020,22789.64,22549.09,22804.7,22118.37,671.52,1.09
3/17/2020,22543.07,22705.19,23008.59,22497.73,675.82,-0.71
3/16/2020,22705.19,22745.39,22797.39,22618.36,551.48,-0.13
3/13/2020,22734.07,22729.01,22813.47,22550.08,732.62,0.17
3/12/2020,34968.94,35056.82,35195.09,34952.99,289.39,-0.25
3/11/2020,30733.47,30479.39,30735.46,30408.13,336.04,0.83
3/9/2020,25511.02,25460,25511.02,25460,229.41,0.2
3/8/2020,24766.12,24710.93,24776.08,24690.75,186.47,0.29
3/7/2020,24336.12,24374.38,24416.05,24332.36,144.3,-0.16
3/6/2020,25407.96,25383.43,25445.47,25308.5,353.26,0.1
3/4/2020,21094.62,21166.38,21197.32,20769.37,235.29,-0.13
3/3/2020,26255.11,25816.57,26344.55,25816.57,387.42,1.7
3/2/2020,28533.4,28843.53,28843.53,28389.6,246.51,-1.08
3/1/2020,26968.79,26867.79,26978.46,26867.79,608.86,0.38
2/28/2020,26216.46,26808.24,26808.24,26216.46,416.28,-2.21
2/27/2020,26808.24,26974.38,26977.4,26796.43,231.52,-0.62
2/26/2020,26974.38,27033.1,27033.9,26870.39,228.36,-0.22
2/25/2020,27033.1,27041.03,27105.46,27031.71,241.71,-0.03
2/24/2020,27041.03,27388.62,27515.79,27000.85,428.96,-1.27
2/21/2020,27388.62,27568.91,27614.65,27236.53,421.22,-0.65
2/20/2020,27568.91,27523.26,27622.42,27292.61,484.99,0.17
2/19/2020,27523.08,27547.56,27556.13,27512.72,290.13,-0.09
2/18/2020,27547.56,27570.94,27570.94,27527.51,168.07,-0.08
2/17/2020,27570.94,27756.56,27818.09,27507.99,134.61,-0.67
2/14/2020,27755.87,27864.84,27879.31,27675.52,132.51,-0.39
2/13/2020,27864.84,27881.45,27916.64,27686.34,150.72,-0.05
2/12/2020,35056.82,35147.62,35172.68,35031.65,368.96,-0.26
2/11/2020,30479.39,30527.69,30554.27,30364.15,376.11,-0.17
2/10/2020,26985.77,26831.76,26985.77,26830.59,459.79,0.55
2/9/2020,25460,25404.12,25461.66,25388.82,178.29,0.18
2/7/2020,24374.4,24594.99,24612.25,24357.75,180.1,-0.9
2/6/2020,25383.43,25316.24,25458.53,25316.24,377.86,0.25
2/4/2020,21121.2,21100.54,21170,20790.71,255.53,0.1
2/3/2020,25816.57,26143.02,26170.58,25816.57,325.26,-1.53
2/1/2020,26867.79,26845.79,26867.79,26657.32,263.2,0.1
1/31/2020,28843.53,29035.55,29096.29,28817.45,348.56,-0.65
1/30/2020,29030.93,29110.9,29222.83,28898.74,274.43,-0.27
1/29/2020,29110.9,29378.63,29381.95,29054.23,242.76,-0.91
1/28/2020,29378.63,29525.56,29529.6,29347.09,250.93,-0.59
1/27/2020,29552.99,29628.84,29648.35,29552.99,444.01,-0.26
1/24/2020,29628.84,29628.84,29628.84,29628.84,,0.13
1/23/2020,29591.29,29591.29,29591.29,29591.29,,0.45
1/22/2020,29458.21,29461.2,29488.93,29244.41,315.67,-0.02
1/21/2020,29462.76,29713.61,29723.75,29360.13,272.84,-0.83
1/20/2020,29710.56,29618.52,29713.84,29545.93,266.95,0.31
1/17/2020,29618.52,29352.13,29623.55,29331.35,324.97,0.91
1/16/2020,29352.13,29062.5,29497.97,29062.5,387.16,1
1/15/2020,29062.5,29030.41,29094.14,28855.22,360.08,-0.75
1/14/2020,29283.15,29633.58,29812.97,29037.12,666.78,-1.18
1/13/2020,29633.58,29415.39,29909.06,29415.39,348.24,0.74
1/12/2020,35147.62,35048.15,35204.16,35048.15,308.08,0.3
1/9/2020,25413.76,25327.13,25417.61,25327.13,,0.34
1/7/2020,24594.99,24479.16,24723.26,24479.16,198.01,0.47
1/6/2020,25321.29,25267.82,25396.1,25180.37,253.13,0.21
1/4/2020,21100.54,21309.5,21317.98,20779.13,154.35,-0.94
12/31/2019,26842.07,26609.34,27357.84,26608.56,257.01,0.87
12/30/2019,26609.34,26416.48,26609.34,26240.29,382.81,0.73
12/27/2019,26416.48,26090.88,26419.73,26050.44,222.48,1.24
12/24/2019,26092.82,26115.8,26124.73,26018.13,324.38,-0.09
12/23/2019,26115.8,26526.35,26526.35,26102.21,188.79,-1.55
12/20/2019,26526.35,26584.45,26584.45,26408.32,341.61,-0.22
12/19/2019,26584.45,26665.73,26684.74,26536.01,304.21,-0.3
12/18/2019,26665.73,26660.44,26691.44,26646.64,232.68,0.02
12/17/2019,26660.44,26695.18,27006.97,26643.1,331.91,-0.13
12/16/2019,26695.18,26536.21,26695.18,26521.38,170.52,0.6
12/13/2019,26536.21,26569.8,26627.68,26503.92,155.34,-0.13
12/12/2019,26569.8,26434,26579.09,26434,319.69,0.51
12/11/2019,26456.39,26314.49,26512.6,26314.49,378.35,0.54
12/9/2019,27426.64,27153.53,27439.54,27142.88,115.3,1.01
12/7/2019,28566.79,28712.9,28759.29,28563.31,100.37,-0.51
12/4/2019,29560.47,29347.62,29566.55,29312.86,,0.73
12/3/2019,31313.36,31636.66,31645.24,31267.99,,-1.02
12/2/2019,32462.31,31783,32462.69,31783,,2.14
11/29/2019,27002.15,26824.5,27028.05,26823.81,227.16,0.66
11/28/2019,26824.5,26790.1,26863.97,26790.1,303.77,0.13
11/27/2019,26790.1,26883.33,26893.32,26782.84,189.86,-0.35
11/26/2019,26883.33,27035.78,27096.53,26883.33,209.97,-0.56
11/25/2019,27035.78,26991.42,27109.29,26980.27,230.65,0.16
11/22/2019,26991.42,26872.09,27039.8,26849.26,207.26,0.44
11/21/2019,26872.09,26776.15,26872.09,26721.99,239.22,0.36
11/20/2019,26776.15,26750.49,27035.28,26750.49,267.31,0.14
11/19/2019,26739.44,26691.09,26861.14,26659.9,394.35,0.18
11/18/2019,26691.09,26851.68,26851.68,26666.4,307.88,-0.6
11/15/2019,26851.68,26883.67,26984.06,26724.43,469.99,0.03
11/14/2019,26843.11,26339.11,26843.11,26339.11,624.84,1.84
11/13/2019,26357.61,26456.39,26456.39,26338.25,610.56,-0.37
11/12/2019,26434,26384.21,26445.8,26332.35,180.06,0.19
11/10/2019,26533.78,26583.75,26702.39,26533.14,117.38,-0.19
11/9/2019,27153.53,27047.58,27157.66,27009.52,211.52,0.39
11/7/2019,28712.9,29256.6,29281.36,28637.58,188.43,-1.86
11/6/2019,30099.83,30322.19,30322.19,30055.56,233.43,-0.73
11/4/2019,29347.62,29180.88,29347.62,29172.35,,0.53
11/3/2019,31636.66,31718.23,31792.81,31636.66,,-0.9
11/2/2019,31781.87,31529.92,31891.23,31515.44,,0.8
11/1/2019,29830.7,29522.31,30438.21,29518.35,,1.06
10/31/2019,26355.35,26310.77,26363.1,26227.6,347.8,0.17
10/30/2019,26310.77,26236.04,26385.37,26199.51,156.85,0.25
10/29/2019,26244.39,26384.45,26388.4,26244.39,267.9,-0.53
10/28/2019,26384.45,26348.73,26394.37,26348.73,485.89,0.14
10/25/2019,26348.73,26357.24,26360.2,26113.88,250.54,-0.03
10/24/2019,26357.24,26397.94,26410.84,26350.07,177.04,-0.15
10/23/2019,26397.94,26365.83,26410.91,26294.57,168.43,0.12
10/22/2019,26365.83,26390.08,26409.34,26353.55,519.76,-0.09
10/21/2019,26390.08,26448.62,26449.53,26382.21,135.8,-0.22
10/18/2019,26448.62,26456.29,26464.61,26374.84,310.56,-0.03
10/17/2019,26456.29,26472.2,26472.2,26429.94,144.08,-0.06
10/16/2019,26472.2,26513.65,26574.38,26470.68,138.47,-0.16
10/15/2019,26513.65,26557.44,26567.67,26510.14,174.41,-0.16
10/14/2019,26557.44,26533.78,26607.06,26506.56,129.08,0.09
10/12/2019,26384.21,26705.7,26716.38,26383.36,196.29,-1.11
10/10/2019,26583.75,26598.94,26599.87,26578.03,363.25,-0.06
10/9/2019,27047.58,27089.84,27148.69,26977.36,364.22,-0.16
10/7/2019,29256.6,29318.02,29318.02,29010.33,188.74,-0.21
10/6/2019,30322.19,30432.13,30459.43,30306.76,247.28,-0.36
10/5/2019,28847.81,28896.25,28896.25,28718.68,,-0.17
10/4/2019,29193.42,29158.57,29213.93,29124.02,,0.15
10/1/2019,29517.73,29336.8,29612.33,29329.62,,0.62
9/30/2019,27630.56,27675.04,27693.29,27113.91,194.8,-0.16
9/27/2019,27675.04,27579.85,27675.04,27368.84,187.08,0.35
9/26/2019,27579.85,27283.05,27579.85,27281.38,183.46,1.09
9/25/2019,27283.05,27360.45,27371.59,27267.16,462.31,-0.25
9/24/2019,27352.24,27635.68,27635.68,27352.24,154.03,-1.08
9/23/2019,27650.28,27698.69,27704.62,27650.82,109.56,-0.17
9/20/2019,27698.69,27667.31,27715.27,27576.27,177.41,0.19
9/19/2019,27646.15,27681.61,27698.44,27577.69,245.43,-0.13
9/18/2019,27681.61,27407.04,27700.07,27386.36,378.8,1
9/17/2019,27407.04,27574.32,27646.96,27371.89,196.91,-0.61
9/16/2019,27574.32,27779,27984.08,27538.33,268.35,-0.74
9/13/2019,27779,27426.64,27779.73,27426.64,165.24,1.28
9/12/2019,26681.31,26855.52,26855.52,26582.25,192.67,-0.65
9/10/2019,26598.94,26817.3,26817.3,26489.42,243.01,-0.79
9/9/2019,27089.84,27146.57,27231.76,27086.61,290.49,-0.21
9/8/2019,27306.81,27424.92,27434.59,27306.81,220.8,-0.43
9/7/2019,29318.85,29287.87,29318.85,28943.48,294.4,0.11
9/5/2019,28896.25,28966.41,29015.77,28881.83,,-0.24
9/4/2019,29149.46,29159.92,29160.11,28989.49,,-0.04
9/1/2019,29336.8,30036.15,30084.28,29336.8,,-2.33
8/30/2019,27525.81,27425.57,27602.39,27326.4,124.74,0.37
8/29/2019,27425.57,27607.02,27643.5,27423.36,116.07,-0.66
8/28/2019,27607.02,27602.77,27626.37,27546.34,130.37,0.02
8/27/2019,27602.77,27691.85,27691.85,27475.64,183.65,-0.32
8/26/2019,27691.85,27800.17,27851.37,27601.78,158.27,-0.39
8/23/2019,27800.17,27629.66,27849.25,27624.27,339.62,0.62
8/22/2019,27629.66,27352.94,27650.89,27352.94,272.6,1.01
8/21/2019,27352.94,27058.03,27352.94,27043.28,363.97,1.09
8/20/2019,27058.62,27128.77,27217.88,26938.05,209.62,-0.22
8/19/2019,27117.22,26928.8,27172.42,26928.35,250.74,0.71
8/16/2019,26925.29,27058.88,27203.58,26789.38,258.29,-0.47
8/15/2019,27052.93,27083.11,27120.09,26895.43,233.09,-0.11
8/14/2019,27083.11,27303.13,27307.6,27083.11,235.12,-0.82
8/11/2019,26314.49,26188.24,26333.84,26143.12,432.47,0.48
8/10/2019,26809.92,26866.41,26896.09,26809.3,185.94,-0.21
8/8/2019,27424.92,27412.13,27450.92,27308.64,279.63,0.05
8/7/2019,29287.87,29270.95,29312.93,29216.7,216.29,0.06
8/5/2019,28966.41,29096.41,29115.3,28946.91,,-0.45
8/4/2019,29162.24,29616.38,29620.93,28780.02,,-1.53
8/3/2019,31924.51,32010.06,32043.49,31876.24,,-0.27
8/2/2019,31529.92,31457.17,31845.63,31457.17,,0.31
8/1/2019,30036.15,30397.63,30488.52,29999.95,,-1.2
7/31/2019,27718.26,27816.89,27902.51,27679.02,251.92,-0.37
7/30/2019,27820.57,27950.36,28028.27,27814.13,155.18,-0.46
7/29/2019,27950.36,27918.59,27976.14,27912.7,92.79,0.11
7/26/2019,27918.59,27990.61,28031.67,27900.57,130.85,-0.26
7/25/2019,27990.61,28088.74,28103.69,27985.62,359.11,-0.35
7/24/2019,28088.74,28144.87,28292.44,28070.65,157.77,-0.2
7/23/2019,28144.87,27808.69,28144.87,27791.98,135.18,1.21
7/22/2019,27808.69,27919.5,28070.43,27808.69,285.76,-0.4
7/19/2019,27919.5,27864.49,27948.24,27803.57,273.9,0.2
7/18/2019,27864.49,28046.02,28067.62,27864.49,175.36,-0.64
7/17/2019,28042.8,28197.66,28251.78,28042.68,243.7,-0.56
7/16/2019,28200.88,28340.98,28566.41,28138.5,216.68,-0.49
7/15/2019,28341.03,28566.79,28577.41,28337.52,175.17,-0.79
7/11/2019,26188.24,26223.66,26242.53,26172.35,726.19,-0.14
7/10/2019,26866.41,26987.45,27004.48,26835.58,151.71,-0.45
7/8/2019,27412.13,27527.4,27534.56,27404.26,128.92,-0.42
7/6/2019,30432.13,30529.9,30982.78,30380.98,280,-0.31
7/5/2019,29096.41,29196.87,29208.63,29091.6,,-0.34
7/3/2019,32010.06,32121.74,32159.87,32041.74,,-0.35
7/2/2019,31433.49,30817.22,31433.49,30817.22,,1.98
7/1/2019,30400.28,30638.9,30709.65,30260.03,,-0.78
6/28/2019,29966.87,29749.35,29978.81,29650.45,248.36,0.73
6/27/2019,29749.35,29609,29756.79,29224.23,301.06,0.47
6/26/2019,29609,29668.68,29697.43,29588.54,394.02,-0.2
6/25/2019,29668.68,29809.2,29814.38,29655.53,253.37,-0.47
6/24/2019,29809.2,29851.29,29890.01,29694.91,573.53,-0.14
6/21/2019,29851.29,29803.69,29890.61,29747.39,189.94,0.29
6/20/2019,29765.31,29774.81,29897.18,29695.62,275.47,-0.02
6/19/2019,29772.72,29818.8,29891.86,29772.72,263.43,-0.15
6/18/2019,29818.8,29936.33,29936.33,29797.11,2060,-0.39
6/17/2019,29936.33,30046.7,30087.86,29933.25,2060,-0.37
6/14/2019,30046.7,30029.23,30086.61,29994.53,145.28,0.06
6/13/2019,30029.15,30099.83,30150.05,30022.92,242.56,-0.23
6/12/2019,26855.52,26913.7,26926.72,26746.03,197.03,-0.22
6/11/2019,26223.66,26364.81,26367.19,26223.66,232.09,-0.58
6/9/2019,27146.57,27252.09,27582.15,26895.56,311.26,-0.39
6/8/2019,27527.4,27669.38,27706.47,27521,170.72,-0.51
6/6/2019,30527.07,30928.29,30948.16,30136.14,217.19,-1.3
6/5/2019,29196.87,29212,29212,29120.86,,-0.05
6/3/2019,32121.74,32173.66,32173.66,32062.03,,-0.16
6/2/2019,30821.8,30773.57,30825.2,30728.01,,0.16
5/31/2019,31069.37,31254.19,31257.75,30992.94,,-0.59
5/30/2019,31254.19,31307,31420.68,31078.83,,-0.17
5/28/2019,31307,30194.71,31307,30149.07,,3.68
5/27/2019,30194.71,30881.29,30885.33,30188.62,,-2.22
5/24/2019,30881.29,31754.79,31809.29,30825.17,,-1.89
5/23/2019,31477.51,31145.15,31917.13,30902.23,,1.07
5/22/2019,31145.15,30218.14,31194.69,30218.14,,3.07
5/21/2019,30218.14,29373.4,30270.34,29361.88,,2.88
5/20/2019,29373.4,28871.93,29438.95,28871.93,,1.74
5/17/2019,28871.93,28438.19,28918.54,28438.19,,1.53
5/16/2019,28438.19,28286.08,28452,28019.97,,0.54
5/15/2019,28286.08,28422.76,28433.39,28282.3,,-0.48
5/14/2019,28422.76,28484.44,28535.31,28398.98,,-0.22
5/13/2019,28484.44,28847.98,28876.87,28542.51,,-1.26
5/12/2019,26913.7,26941.56,26948.42,26889.48,206.73,-0.09
5/11/2019,26375.35,26401.06,26447.96,26299.86,304.28,-0.1
5/9/2019,27252.09,27319.64,27319.64,27273.14,133.34,-0.25
5/8/2019,27669.38,27630.46,27674.85,27584.11,280.69,0.14
5/7/2019,29270.95,29300.09,29318.09,29235.28,298.4,-0.1
5/4/2019,29616.38,29553.12,29628.4,29536.48,,0.21
5/3/2019,32173.66,32129.94,32252.89,32126.42,,0.14
5/2/2019,30773.57,30745.05,30773.57,30521.42,,0.09
4/30/2019,29159.74,29521.06,29654.53,29154.78,,-1.22
4/29/2019,29521.06,29740.41,29813.37,29476.29,,-0.74
4/26/2019,29740.41,29919.19,30041.37,29740.41,,-0.6
4/25/2019,29919.77,29898.31,29986.11,29862.84,,0.07
4/24/2019,29898.31,30080.73,30113.65,29854.02,,-0.59
4/23/2019,30076,30086.31,30131.93,30006.33,,-0.03
4/18/2019,30086.31,29999.25,30132.98,29980.89,,0.39
4/17/2019,29970.86,29793.56,30033.22,29728.55,,0.76
4/16/2019,29746.24,29495.91,29746.24,29495.91,,0.85
4/15/2019,29495.91,29560.47,29630.86,29484.93,,-0.22
4/12/2019,26938.58,26944.32,26956.43,26918.12,112.88,-0.02
4/11/2019,26401.06,26293.3,26433.95,26293.3,368.18,0.41
4/10/2019,26987.45,27085.69,27089.38,26974.83,138.88,-0.36
4/9/2019,27319.64,27590.44,27606.85,27283.67,250.45,-0.97
4/7/2019,29300.09,29375.25,29466.94,29300.09,180.4,-0.26
4/4/2019,29553.12,29626.14,29662.09,29548.65,,-0.39
4/3/2019,32129.94,31827.24,32129.94,31827.24,,0.95
4/2/2019,30745.05,30636.36,30754.09,30636.36,,0.35
4/1/2019,30638.9,30770.7,30770.7,30577.18,,-0.43
3/29/2019,31041.42,30833.5,31106.74,30786.33,,0.67
3/28/2019,30833.5,30829.45,30896.86,30770.6,,0.01
3/27/2019,30829.45,31038.86,31066.07,30811.14,,-0.67
3/26/2019,31038.86,31042.32,31094.87,31007.76,,-0.01
3/25/2019,31042.32,31139.35,31139.35,30996.82,,-0.31
3/22/2019,31139.35,30885.31,31156.19,30885.31,,0.82
3/21/2019,30885.31,31066.1,31077.89,30856.23,,-0.5
3/20/2019,31040.84,31082.32,31104.9,31015.27,,-0.13
3/19/2019,31082.32,31125.39,31133.59,30965.22,,-0.14
3/18/2019,31125.39,31142.72,31156.47,31103.67,,-0.06
3/15/2019,31142.72,31175.88,31265.21,31102.1,,-0.22
3/14/2019,31210.79,31369.91,31390.78,31210.79,,-0.48
3/13/2019,31360.28,31313.36,31360.28,31057.66,,0.15
3/12/2019,26944.32,27000.35,27030.98,26833.39,189.01,-0.17
3/10/2019,27085.69,27314.87,27480.3,26575.54,151.19,-0.84
3/9/2019,27586.79,27565.09,27606.28,27481.18,294.4,0.08
3/7/2019,29375.25,29395.14,29458.03,29300.7,237.71,-0.07
3/6/2019,30928.29,31069.37,31100.03,30867.74,,-0.45
3/5/2019,29212,29171.73,29222.73,29143.73,,0.14
3/4/2019,29668.73,30226.77,30243.71,29665.78,,-1.85
3/1/2019,30771.32,31070.06,31078.43,30749.66,,-0.96
2/28/2019,31718.7,32247.54,32953.54,31718.7,,-1.63
2/27/2019,32244.24,32473.82,32524.1,32185.06,,-0.71
2/26/2019,32473.82,32700.12,32745.92,32441.42,,-0.69
2/25/2019,32700.12,32516.05,32713.13,32516.05,,0.57
2/22/2019,32515.52,32568.66,32617.13,32473.74,,-0.16
2/21/2019,32568.66,32646.16,32734.37,32568.66,,-0.14
2/20/2019,32614.06,32410.13,32617.94,32392.46,,0.64
2/19/2019,32406.18,32190.07,32416.04,32157.29,,0.67
2/18/2019,32190.07,32715.2,32738.95,31824.22,,-1.61
2/15/2019,32715.2,32457.63,32958.96,32457.63,,0.81
2/14/2019,32453.69,32413.92,32496.18,32367.49,,0.12
2/13/2019,32413.92,32463.38,32635.13,32267.37,,-0.15
2/12/2019,26990.59,26999.69,27025.2,26931.13,246.49,-0.04
2/10/2019,27314.87,27630.56,27645.4,27261.25,175.55,-1.14
2/9/2019,27565.14,27540.42,27677.37,27463.76,111.5,0.14
2/8/2019,27630.46,27748.46,27792.77,27623.58,161.65,-0.43
2/7/2019,29395.14,29614.61,29616.93,29395.14,200.68,-0.74
2/5/2019,29171.73,29159.74,29195.7,29104.1,,0.04
2/4/2019,30226.77,30527.88,30712.37,30212.62,,-0.99
2/1/2019,31070.06,31429.34,31434.04,31065.25,,-1.15
1/31/2019,30557.2,31142.58,31142.58,30557.2,,-1.89
1/30/2019,31145.34,31178.71,31202.3,31143.37,,-0.11
1/29/2019,31178.71,31334.61,31334.61,31178.71,,-0.53
1/28/2019,31344.24,31422.75,31457.07,31241.99,,-0.26
1/25/2019,31426.63,30989.6,31428.64,30981.9,,1.41
1/24/2019,30989.6,30886.32,30989.6,30866.96,,0.36
1/23/2019,30878.56,30736.88,30880.67,30736.88,,0.46
1/22/2019,30736.88,30732.72,30811.19,30485.34,,0.01
1/21/2019,30732.72,31005.17,31041.06,30720.76,,-0.88
1/18/2019,31005.17,30566.38,31005.17,30526.18,,1.38
1/17/2019,30583.21,30460.68,30597.02,30297.38,,0.4
1/16/2019,30460.68,30138.06,30541.04,30001.87,,1.65
1/15/2019,29964.79,29964.79,30172.4,29964.79,,0
1/14/2019,29964.79,29830.7,29985.66,29689.73,,0.45
1/11/2019,26293.3,26355.35,26378,26217.91,252.37,-0.24
1/8/2019,27748.46,27718.26,27748.46,27615.46,97.36,0.11
1/7/2019,29614.61,29966.87,29966.88,29593.82,107.43,-1.18
1/4/2019,30527.5,31041.42,31041.42,30527.5,,-1.66
1/3/2019,31827.24,31718.7,31935.28,31708.89,,0.34
1/2/2019,30636.36,30557.2,30740.63,30557.2,,0.26
12/31/2018,31430.5,31036.63,31430.5,30753.93,,1.27
12/28/2018,31037.72,31693.17,31771.38,31029.89,,-2.07
12/27/2018,31692.63,31967.01,31967.01,31569.28,,-0.86
12/24/2018,31967.01,30773.64,31967.01,30773.64,,3.88
12/21/2018,30773.64,30802.9,30911.22,30704.47,,-0.09
12/20/2018,30802.9,30704.98,30802.9,30506.79,,0.32
12/19/2018,30704.98,30814.19,30884.63,30696.38,,-0.38
12/18/2018,30822.33,30609.06,30822.33,30606.83,,0.7
12/17/2018,30609.06,30700.5,30722.25,30553.9,,-0.21
12/14/2018,30672.79,30568.05,30754.26,30568.05,,0.34
12/13/2018,30568.05,30642.35,30735.2,30567.25,,-0.24
12/12/2018,30642.35,30710.12,30771.47,30611.08,,-0.25
12/11/2018,32143.41,32202.73,32218.71,32123.14,,-0.18
12/10/2018,32456.98,32417.82,32456.98,32335.75,162.36,0.12
12/9/2018,32292.79,33449.17,33449.64,32269.65,246.88,-3.46
12/7/2018,37226.44,37253.25,37253.25,37075.09,262.97,-0.07
12/6/2018,39167.04,38844.32,39425.61,38843.04,341.48,0.83
12/4/2018,40808.48,40846.24,40882.71,40622.43,205.29,-0.09
12/3/2018,43056.51,43167.87,43228.94,42943.34,431.23,-0.26
12/2/2018,42737.89,43127.92,43198,42080.55,517.44,-0.9
12/1/2018,42898.9,43041.54,43670.57,42636.87,1390,-0.33
11/30/2018,30874.17,30611.55,31014.82,30570.99,,0.86
11/27/2018,31173.71,31533.5,31551.61,31147.49,,-1.29
11/26/2018,31579.72,31678.7,31779.9,31562.31,,-0.31
11/23/2018,31678.7,31984.6,31998.15,31610.43,,-0.96
11/22/2018,31984.6,31969.79,31999.72,31934.9,,0.05
11/21/2018,31969.79,32222.24,32357.22,31968.13,,-0.78
11/19/2018,32222.24,32057.01,32226.73,32026.17,,0.51
11/16/2018,32058.28,31864.8,32150.75,31854.43,,0.61
11/15/2018,31864.8,32108.92,32117.61,31859.77,,-0.76
11/14/2018,32108.92,32146.55,32191.6,32101.59,,-0.14
11/13/2018,32152.9,32136.43,32402.92,32101.8,,0.03
11/12/2018,30718.72,30614.73,30769.61,30542.86,,0.34
11/10/2018,32417.82,32382.58,32443.08,32330.67,147.52,0.11
11/9/2018,33449.17,33607.01,33609.86,33114.12,150.67,-0.48
11/7/2018,37253.25,37421.01,37431.58,37233.82,285.11,-0.45
11/6/2018,38845.31,38669.23,38856.06,38649.41,603.17,0.46
11/5/2018,41022.31,40914.94,41189.28,40913.85,214.58,0.26
11/4/2018,40846.24,40499.04,40849.15,40444.54,367.2,0.86
11/1/2018,43041.54,41816.11,43269.41,41813.37,1160,2.93
10/31/2018,32466.27,33168.96,33215.73,32399.67,,-2.12
10/30/2018,33167.88,33196.07,33577.11,32828.11,,-0.08
10/29/2018,33196.07,32907.33,33200.37,32735.95,,0.88
10/26/2018,32907.33,32545.06,32907.33,32326.9,,1.11
10/25/2018,32545.06,32403.6,32570.86,32397.42,,0.44
10/24/2018,32403.6,33191.45,33201.34,32403.6,,-2.37
10/23/2018,33191.45,32962.82,33269,32962.82,,0.69
10/22/2018,32962.82,32841.69,32986.93,32841.69,,0.37
10/19/2018,32841.69,32664.63,32897.48,32639.31,,0.54
10/18/2018,32664.63,32437.35,32877.32,32402.65,,0.7
10/17/2018,32437.35,32722.18,32722.18,32418.9,,-0.87
10/16/2018,32722.18,32413,32736.75,32413,,0.95
10/15/2018,32413,32456.98,32474.42,32396.73,,-0.14
10/12/2018,30614.73,30866.82,31213.77,30614.73,,-0.82
10/10/2018,32382.58,32417.7,32466.73,32382.58,134.45,-0.11
10/9/2018,33611.69,34014.49,34014.49,33594.44,137.63,-1.25
10/8/2018,35446.47,36232.66,36232.66,35435.28,192.99,-2.17
10/7/2018,37421.01,37647.93,37647.93,37422.84,211.63,-0.6
10/5/2018,40914.94,41080.12,41086.2,40872.96,244.92,-0.4
10/4/2018,40499.04,40429.18,40499.04,40206.1,388.27,0.17
10/1/2018,41816.11,40366.22,41816.11,40366.22,1090,3.6
9/28/2018,32766.37,32763.35,32817.46,32661.14,184.53,0.01
9/27/2018,32763.35,32963.27,32983.99,32684.66,154.28,-0.61
9/26/2018,32963.27,33114.44,33202.3,32952.7,172.19,-0.46
9/25/2018,33114.44,32646.43,33230.46,32646.43,222.95,2.04
9/24/2018,32451.27,32540.17,32577.92,32427.54,190.46,-0.27
9/21/2018,32540.17,32480.89,32784.33,32475.85,330.38,0.18
9/20/2018,32480.89,32375.12,32480.89,32330.18,225.93,0.33
9/19/2018,32375.12,32350.9,32392.93,32269.75,190.02,-0.02
9/18/2018,32381,32201.98,32381,32180.72,269.81,0.56
9/17/2018,32201.98,32327.59,32378.72,32201.98,160.67,-0.39
9/14/2018,32327.59,32022.04,32446.48,32022.04,251.69,0.95
9/13/2018,32022.23,32292.79,32321.64,31938.59,173.47,-0.84
9/11/2018,32200.21,32228.5,32253.44,32126.6,,-0.09
9/10/2018,32417.7,32444.96,32477.47,32336.24,349.53,-0.08
9/8/2018,36232.66,36299.82,36366.26,36153.15,188.26,-0.19
9/7/2018,37647.93,37625.59,37715.3,37615.49,151.2,0.06
9/5/2018,41080.12,41156.37,41160.18,40904.83,341.06,-0.18
9/4/2018,40429.18,40841.14,40848.41,40429.18,287.04,-1.01
9/3/2018,43167.86,43090.55,43290.23,43079.16,1530,0.18
9/2/2018,43127.92,43326.89,43672.55,42790.79,552.39,-0.46
9/1/2018,40362.97,39849.65,40485.54,39688.04,770.89,1.29
8/31/2018,34848.45,35086.67,35086.67,34113.89,384.89,-0.68
8/30/2018,35086.67,35354.26,35400.04,34942.23,284.59,-0.77
8/29/2018,35358.94,35516.21,35560.31,35358.94,345.05,-0.44
8/28/2018,35516.21,35311.36,35516.21,35309.85,339.68,0.58
8/27/2018,35311.36,35426.17,35499.66,34643.3,178.81,-0.32
8/24/2018,35426.17,35206.16,35679.05,35199.87,527.74,0.62
8/23/2018,35206.16,34663.48,35206.16,34481.47,220.71,-0.38
8/20/2018,35341.9,35266.29,35425.17,34900.34,220.5,0.21
8/17/2018,35266.29,34618.43,35469.05,34579.35,244.32,1.87
8/16/2018,34618.43,35069.34,35069.34,34603.07,237.81,-1.29
8/15/2018,35069.34,35288.23,35300.21,35061.28,209.52,-0.62
8/14/2018,35288.23,35410.61,35434.6,35156.29,164.51,-0.35
8/13/2018,35410.61,35446.47,35474.15,35351.76,160.42,-0.1
8/11/2018,32228.5,32108.3,32246.75,32103.41,,0.37
8/10/2018,32444.96,32383.15,32476.28,32383.15,120.72,0.19
8/8/2018,36299.82,36333.8,36336.04,36295.55,113.93,-0.09
8/6/2018,38669.23,39042.11,39088.69,38636,210.03,-0.96
8/5/2018,41155.8,41172.82,41642.33,41110.44,563.62,-0.04
8/3/2018,43090.55,42952.7,43092.63,42777.92,266,0.32
8/2/2018,43326.89,43538.16,43616.14,43261.66,2140,-0.49
8/1/2018,39849.65,38923.26,39851.45,38908.12,604.53,2.38
7/31/2018,37017.78,36937.73,37017.78,36713.99,244.95,0.19
7/30/2018,36946.18,36636.97,36946.18,36636.97,319.4,0.84
7/27/2018,36636.97,36427.22,36643.4,36427.22,311.35,0.58
7/26/2018,36427.22,36346.8,36678.29,36316.3,171,0.22
7/25/2018,36346.8,36455.24,36474.12,36339.41,329.84,-0.3
7/24/2018,36455.24,36711.96,36711.96,36446.4,378.69,-0.7
7/23/2018,36711.96,36603.44,36713.06,36603.44,225.91,0.3
7/20/2018,36603.44,36474.39,36652.19,36360.83,679.82,0.37
7/19/2018,36470.05,36748.18,36906.22,36420.72,296.35,-0.76
7/18/2018,36748.18,36963.7,36963.7,36608.11,181.15,-0.58
7/17/2018,36963.7,37266.86,37281.34,36949.3,203.56,-0.81
7/16/2018,37266.86,37392.77,37392.77,37215.81,303.48,-0.34
7/13/2018,37392.77,37226.44,37396.67,37182.19,212.15,0.45
7/12/2018,30866.82,30819.1,30993.02,30774.51,,0.15
7/11/2018,32108.3,32154.03,32218.2,32083.25,,-0.14
7/9/2018,34037.91,34110.22,34177.85,33667.34,155.95,-0.21
7/8/2018,36333.8,36479.42,36491.19,36321.5,248.01,-0.4
7/6/2018,39042.11,38435.29,39042.39,38435.29,492.04,1.58
7/5/2018,41172.82,41218.72,41233.42,41031.15,221.38,-0.11
7/3/2018,42952.7,43609.77,43870.09,42939.13,270.32,-1.51
7/2/2018,43538.16,43877.3,43921.17,43534.71,508.3,-0.77
6/29/2018,38278.55,37733.44,38291.55,37733.44,469.34,1.44
6/28/2018,37733.44,37963.93,37977.25,37708.5,414.93,-0.61
6/27/2018,37963.93,37988.54,38030.63,37908.64,372.24,-0.06
6/26/2018,37988.54,37992.12,38040.1,37929.64,258.71,-0.01
6/25/2018,37992.12,37862.53,38003.18,37690.01,207.41,0.34
6/22/2018,37862.53,38152.6,38197.65,37852.38,167.22,-0.76
6/21/2018,38152.6,38605.07,38606.97,38093.16,271.4,-1.17
6/20/2018,38605.07,38664.15,38670.95,38533.66,267.76,-0.15
6/19/2018,38664.15,38928.02,38928.02,38616.91,390.47,-0.68
6/14/2018,38928.02,39031.72,39068.49,38407.08,335.71,-0.27
6/13/2018,39031.72,39167.04,39261.6,39031.72,456.49,-0.35
6/12/2018,30819.1,31151.68,31160.36,30773.13,,-1.07
6/11/2018,32154.03,32048.18,32212,31949.33,,0.33
6/9/2018,34110.22,34414.37,34438.13,34087.26,164.49,-0.88
6/8/2018,36479.42,36499.67,36620.48,36399.42,182.28,-0.06
6/7/2018,37625.59,37743.22,37826.28,37612.36,170.87,-0.31
6/6/2018,38435.29,37854.92,38463.54,37854.92,393.12,1.53
6/4/2018,40841.14,40875.69,41001.17,40814.68,501.96,-0.08
6/3/2018,43609.77,43513.93,43611.76,42912.56,445.5,0.22
6/2/2018,43877.3,44261.72,44262.49,43770.46,717.15,-0.87
5/31/2018,38104.54,38606.41,38791.52,37998.17,476.2,-4.01
5/30/2018,39695.16,39028.51,39177.53,38603.32,342.05,1.71
5/28/2018,39028.51,39323.62,39323.62,38910.82,222.29,-0.75
5/25/2018,39323.62,39723.85,39908.11,39213.98,295.99,-1.01
5/24/2018,39723.85,40150.55,40150.55,39723.85,256.43,-1.06
5/23/2018,40150.55,40249.29,40254.91,40116.27,266.7,-0.25
5/22/2018,40249.29,40425.07,40461.69,40245.32,280.06,-0.43
5/21/2018,40425.07,40472.45,40476.61,40383.19,271.27,-0.12
5/18/2018,40472.45,40651.41,40675.7,40444.17,350.55,-0.44
5/17/2018,40651.41,40992.97,41003.76,40675.89,424.37,-0.83
5/16/2018,40992.97,40615.42,41027.28,40531.9,259.48,0.93
5/15/2018,40615.42,40677.61,40723.49,40565.66,203.36,-0.15
5/14/2018,40677.61,41022.31,41029.79,40667.46,218.76,-0.84
5/12/2018,31151.68,31007.25,31180.32,30925.25,,0.47
5/11/2018,32048.18,32130.02,32182.93,32033.91,,-0.24
5/10/2018,32383.15,32423.57,32424.98,32332.3,166.65,-0.12
5/9/2018,34414.37,34933.68,34963.29,34146.21,200.27,-1.71
5/7/2018,37743.22,37499.07,37743.22,37451.08,497.11,0.65
5/6/2018,37854.92,36947.1,37854.92,36947.1,339.65,2.46
5/4/2018,40875.69,40749.86,40945.75,40684.52,495.64,0.31
5/3/2018,43513.93,42876.23,44062.47,42876.23,251.87,1.49
5/2/2018,44261.72,44639.99,44663.91,44046.48,426.87,-0.85
5/1/2018,38923.26,38676.12,39113.68,38676.12,753.29,0.64
4/30/2018,41268.01,41244.89,41279.95,41146.48,450.53,0.06
4/27/2018,41244.89,40777.67,41247.2,40761.74,319.34,1.21
4/26/2018,40752.83,40755.73,40798.01,40727.26,378.19,-0.01
4/25/2018,40755.73,40801.04,40926.72,40589.6,350.39,-0.12
4/24/2018,40802.78,40763.93,40970.31,40757.19,246.58,0.1
4/23/2018,40763.93,40814.89,40832.34,40579.54,309.41,-0.12
4/20/2018,40814.89,40874.09,40893.97,40735.76,242.06,-0.14
4/19/2018,40874.09,40772.26,40937.09,40724.76,740.36,0.25
4/18/2018,40772.26,40788.68,40861.04,40492.26,230.17,-0.04
4/17/2018,40788.68,40533.37,40862.01,40409.9,1600,0.63
4/16/2018,40533.37,40932.18,41014.67,40888.23,192.49,-0.67
4/13/2018,40808.48,40808.48,40961.2,40426.93,167.13,0
4/12/2018,31007.25,30798.76,31025.33,30792.47,,0.68
4/10/2018,32423.57,32454.03,32526.7,32395.25,151.14,-0.09
4/9/2018,35013.05,34837.94,34966.72,34837.94,240.46,0.5
4/7/2018,37499.07,37605.12,37611.68,37445.76,381.8,-0.28
4/6/2018,36947.1,36816.29,36950.98,36676.15,314.33,0.36
4/5/2018,41218.72,41107.81,41236.79,41107.81,283.57,0.27
4/4/2018,40749.86,40854.54,40855.83,40512.37,401.41,-0.26
4/1/2018,38676.12,38187.28,38848.31,38182.94,825.13,1.28
3/29/2018,41504.51,40822.83,41526.24,40681.31,270.6,1.72
3/28/2018,40802.08,41243.24,41280.46,40751.4,535.03,-1.07
3/27/2018,41243.24,41454.3,41466.48,41232.61,352.89,-0.51
3/26/2018,41454.3,41472.1,41662.4,41454.3,379.88,-0.04
3/23/2018,41472.1,41633.79,41960.37,41469.28,560.12,-0.39
3/22/2018,41633.79,41495.43,41640.04,41370.69,542.27,0.33
3/21/2018,41495.43,41686.36,41693.11,41235.34,488.74,-0.46
3/20/2018,41686.36,41832.63,41860.34,41614.2,398.2,-0.35
3/19/2018,41832.63,41926.99,41926.99,41664.77,326.86,-0.25
3/16/2018,41935.93,42185.38,42185.38,41741.34,426.58,-0.59
3/15/2018,42185.38,42839.49,42889.64,42039.57,404.05,-1.53
3/14/2018,42839.52,43073.42,43073.42,42669.83,372.67,-0.54
3/13/2018,43073.45,43056.51,43081.56,42801,407.78,0.04
3/12/2018,30798.76,30874.17,30895.4,30732.76,,-0.24
3/10/2018,32454.03,32711.65,32728.72,32434.67,136.7,-0.79
3/9/2018,34837.5,34848.55,34860.32,33849.14,131.53,-0.03
3/8/2018,36499.67,36688.91,36750.29,36478.1,266.2,-0.52
3/7/2018,37605.12,37946.92,37946.92,37601.79,254.77,-0.9
3/5/2018,41107.81,41306.02,41307.05,40944.36,320.39,-0.48
3/4/2018,40855.64,41504.51,41615.41,40795.66,364.76,-1.56
3/1/2018,38187.28,38264.79,38579.51,38187.28,580.71,-0.2
2/28/2018,43330.54,42299.56,43389.51,42098.01,571.57,2.44
2/26/2018,42579.48,42570.89,42671.04,42514.17,384.86,0.02
2/23/2018,42570.89,42258.78,42580.14,42214.42,308.43,0.74
2/22/2018,42299.56,42579.48,42588.34,42231.43,438.65,-0.66
2/22/2018,42258.78,42158.32,42292.85,42158.32,342.07,0.24
2/21/2018,42158.32,42148.4,42241.04,42061.98,570.26,0.02
2/20/2018,42148.4,41987.74,42265.53,41497.82,510.28,0.38
2/19/2018,41988.18,42638.83,42712.65,41988.18,287.17,-1.53
2/16/2018,42638.83,42604.4,42751.47,42454.63,616.59,0.08
2/15/2018,42604.4,42171.8,42604.4,42171.8,615.13,1.03
2/14/2018,42171.8,41708.15,42207.86,41657.35,520.74,1.11
2/13/2018,41708.15,42735.32,42735.32,41614.1,470.52,-2.41
2/11/2018,32124.94,32006.65,32200.93,32006.65,,0.37
2/10/2018,32711.65,32762.34,32815.19,32695.45,184.59,-0.17
2/8/2018,36688.91,36612.83,36708.03,36510.88,225.81,0.21
2/7/2018,37946.92,38278.55,38322.94,37946.92,244.46,-0.87
2/5/2018,41306.02,41268.01,41396.91,41154.78,276.17,0.09
2/3/2018,42876.23,42843.38,42934.03,42705.63,403.13,0.08
2/2/2018,44639.99,44460.18,44684.38,44460.18,524.94,0.4
2/1/2018,38264.79,38243.19,38268.82,37646.88,248.48,0.06
1/31/2018,44343.65,44493.79,44512.37,43946.1,651.9,-0.34
1/30/2018,44493.79,44306.48,44493.79,43986.69,876.98,0.42
1/29/2018,30611.55,31023.47,31061.18,30545.2,,-1.33
1/29/2018,44306.48,43773.76,44306.48,43773.76,573.35,1.22
1/28/2018,31023.47,31173.71,31295.97,30993.97,,-0.48
1/26/2018,43773.76,43529.06,44155.98,43529.06,944.86,0.56
1/25/2018,43529.06,43963.4,43995.68,43106.26,500.85,-0.99
1/24/2018,43963.4,44389.85,44389.85,43092.87,536.43,-0.96
1/23/2018,44389.85,44912.53,44937.83,43720.59,737.86,-1.16
1/22/2018,44912.53,45092.83,45321.82,44748.24,2130,-0.4
1/19/2018,45092.83,44848.74,45103.96,44377.62,1340,0.54
1/18/2018,44848.74,44885.24,45162.64,44188.72,1340,-0.08
1/17/2018,44885.24,44054.72,44901.01,43956.76,960.68,1.89
1/16/2018,44054.72,43119,44055.68,43119,635.4,2.17
1/15/2018,43119,42898.9,43119.44,42262.82,730.56,0.51
1/11/2018,32006.65,32458.05,32477.99,32006.65,,-1.42
1/8/2018,36612.83,37017.78,37023.18,36573.19,240.02,-1.09
1/6/2018,36816.29,38104.54,38148.45,36677.07,516.81,-3.38
1/3/2018,42843.38,43330.54,43366.21,42628.49,371.25,-1.12
1/2/2018,44460.18,44378.8,44484.04,44155.38,630.52,0.26
